날짜,모기활동지수,모기발생단계,평균기온,최저기온,최고기온,강수량,풍속,상대습도,현지기압
2020-01-01,5.5,쾌적,-2.2,-6.5,0.3,0.1,0.6,64.4,1021.1
2020-01-02,5.5,쾌적,1,-0.7,3.8,0,1.2,65.4,1018.7
2020-01-03,5.5,쾌적,-0.1,-3.4,4.6,0,1.7,56.9,1016.4
2020-01-04,5.5,쾌적,1.2,-2.8,6.1,0,1.9,50.8,1015.4
2020-01-05,5.5,쾌적,1.3,-3.2,6.6,0,1.1,45.6,1019.7
2020-01-06,5.5,쾌적,3.1,0.6,4.6,1.8,3.1,65.4,1015.3
2020-01-07,5.5,쾌적,6.3,4.2,7.7,46.3,4,95,999.3
2020-01-08,5.5,쾌적,2.4,-0.4,8.9,11.6,3.3,86.1,1003.6
2020-01-09,5.5,쾌적,-1.2,-3.1,2,0,2.3,65.3,1013.4
2020-01-10,5.5,쾌적,-0.6,-4.3,4.2,0,1.5,62.9,1013
2020-01-11,5.5,쾌적,-0.1,-2.6,3.9,0,1.9,60.9,1009.4
2020-01-12,5.5,쾌적,-1,-3.5,2.8,0,2.4,61.5,1007.5
2020-01-13,5.5,쾌적,-2.9,-4.7,0.2,0,2.3,51,1012.4
2020-01-14,5.5,쾌적,-2.3,-5.7,2.6,0,1.6,45.3,1015
2020-01-15,5.5,쾌적,-2.7,-6.4,2.2,0,1.9,44.8,1017.6
2020-01-16,5.5,쾌적,-1.7,-5.5,3.2,0,1.6,43,1016.3
2020-01-17,5.5,쾌적,-0.6,-4.8,4.9,0,1.5,43.9,1012.6
2020-01-18,5.5,쾌적,0.3,-4.1,5.9,0,1.8,48.1,1010.9
2020-01-19,5.5,쾌적,1.9,-0.4,5.3,0.6,2.2,62.8,1008
2020-01-20,5.5,쾌적,0.7,-3.3,5.5,0,2.5,46.8,1012.2
2020-01-21,5.5,쾌적,-0.4,-5.6,5.5,0,1.4,36.9,1018.8
2020-01-22,5.5,쾌적,3,-0.1,7.8,0,1.7,36,1014.6
2020-01-23,5.5,쾌적,4.6,0,9.9,0,2,49.3,1013.5
2020-01-24,5.5,쾌적,2.8,-1.3,7.4,0,1.7,63,1019.5
2020-01-25,5.5,쾌적,4.3,0.6,8.8,0,1.5,63.1,1018.7
2020-01-26,5.5,쾌적,5.5,-0.2,11.9,0,2.7,56.3,1016.5
2020-01-27,5.5,쾌적,5.9,4.8,7.5,0.1,4.6,48.1,1010.4
2020-01-28,5.5,쾌적,6.8,4.3,9.9,0,2.6,49.4,1007.7
2020-01-29,5.5,쾌적,6,3.2,9.6,0,2.1,46.4,1005.3
2020-01-30,5.5,쾌적,5.2,1.4,10.4,0,1.8,47,1004.4
2020-01-31,5.5,쾌적,3.9,1.4,8.9,0,2.3,59.6,1009
2020-02-01,5.5,쾌적,2.6,-1.2,7.6,0,1.7,66.6,1013.4
2020-02-02,5.5,쾌적,1.5,-2.1,5.3,0,1.8,52.3,1014.7
2020-02-03,5.5,쾌적,-0.4,-2.9,3,0,3.1,43.6,1016.3
2020-02-04,5.5,쾌적,-1.6,-6,3.9,1.7,2.8,50.3,1015.8
2020-02-05,5.5,쾌적,-8.3,-11,-4.9,0,3.3,37.3,1021
2020-02-06,5.5,쾌적,-6.4,-11.8,0.4,0,1.9,36.4,1023
2020-02-07,5.5,쾌적,-1.7,-7.2,2.2,0,2,45.1,1018.5
2020-02-08,5.5,쾌적,-0.1,-2.3,3.7,0,3,48.1,1016.7
2020-02-09,5.5,쾌적,-0.5,-5.6,4.1,0,2,51.1,1014.6
2020-02-10,5.5,쾌적,4,-0.7,9.6,0,1.7,49.4,1013.4
2020-02-11,5.5,쾌적,6.8,-0.5,14.6,0,1.6,37,1016.3
2020-02-12,5.5,쾌적,7.4,6.5,8.2,6.7,2.2,73.4,1006.4
2020-02-13,5.5,쾌적,6.5,4.9,8.7,0,1.7,84.8,1008.8
2020-02-14,5.5,쾌적,8.1,3.2,14.7,0,1.2,70.3,1010.4
2020-02-15,5.5,쾌적,9.8,6.2,15.6,2,2.7,63,1007.3
2020-02-16,5.5,쾌적,-1.4,-4.3,7.7,13.4,4,81.1,1002.6
2020-02-17,17.7,쾌적,-5.9,-7.1,-3.9,1,3.4,64.3,1007.4
2020-02-18,13.8,쾌적,-4.1,-8.3,1.3,0,2.3,44,1016.7
2020-02-19,19.1,쾌적,1,-4.4,6.4,0,1.5,56.8,1019.3
2020-02-20,19.1,쾌적,4.6,-0.6,10.8,0,1.7,62.6,1022.6
2020-02-21,19.1,쾌적,6.7,2.1,10.9,4.2,2.2,66.3,1018.5
2020-02-22,19.1,쾌적,4,0,7.9,3.1,4,62,1014.2
2020-02-23,19.1,쾌적,2.5,-2.5,8,0,2,48.6,1018.2
2020-02-24,19.1,쾌적,7,0.8,12.2,0,1.6,51.8,1013.6
2020-02-25,19.1,쾌적,6.7,4.7,9.4,16.6,4.2,73.5,1007.4
2020-02-26,19.1,쾌적,6.4,2.8,10.4,0,2.1,59.6,1012.7
2020-02-27,19.1,쾌적,6.1,1.3,12.5,0,2,54,1017
2020-02-28,19.1,쾌적,4.5,3.6,5.9,3.9,1.4,79.4,1011.9
2020-02-29,19.1,쾌적,7.7,4.5,13,0.5,1.7,68.6,1007.7
2020-03-01,19.1,쾌적,5.8,3.2,10.1,0.2,2,71.8,1007.9
2020-03-02,19.1,쾌적,3.4,0,7.6,0,2.7,55.3,1013.1
2020-03-03,19.2,쾌적,4.8,0.3,10.5,0,2.6,57,1013.3
2020-03-04,19.1,쾌적,2.2,-1.3,4.6,0,3.7,53.4,1011.4
2020-03-05,19.1,쾌적,1.4,-2.8,6.3,0,2.5,47.5,1014.5
2020-03-06,19.1,쾌적,3.7,-2.5,10.1,0,1.6,46.8,1011.7
2020-03-07,19.3,쾌적,7,1.3,14.2,0,2,39.5,1007.5
2020-03-08,19.1,쾌적,9.3,2.3,16.9,0,1.6,43.8,1008
2020-03-09,19.1,쾌적,11.1,4.8,17.6,0,1.8,37.6,1003.6
2020-03-10,19.1,쾌적,6.4,3.2,10.8,11.8,2.8,78.4,997.6
2020-03-11,19.1,쾌적,3.8,0,8.3,0,3.3,41.8,1007.7
2020-03-12,19.1,쾌적,6.8,0.2,13.3,0,2.5,49.8,1010.9
2020-03-13,19.1,쾌적,4.9,-0.1,8.7,0.5,3.3,41,1011.3
2020-03-14,19.1,쾌적,3.6,-2.7,8.6,0,3,48.1,1005
2020-03-15,19.1,쾌적,4,0.2,8.5,0,3.6,48.3,1001.4
2020-03-16,19.1,쾌적,3.6,-2.1,9.1,0,2.8,42.4,1011.4
2020-03-17,19.1,쾌적,6.6,3.1,12.3,0,2.1,65.8,1005
2020-03-18,19.1,쾌적,10,2.7,17,0,1.8,45.8,1002.6
2020-03-19,19.1,쾌적,9.1,5.8,12.1,0,4.8,49,995.6
2020-03-20,19.1,쾌적,8.8,3.1,14,0,3.1,39.6,1003.3
2020-03-21,19.1,쾌적,12.8,7.9,19.5,0,2,56.5,1001.3
2020-03-22,19.1,쾌적,11,6.1,16.5,0,3,37.5,1004
2020-03-23,19.1,쾌적,10.6,5.4,17,0,1.9,37.9,1006.7
2020-03-24,19.1,쾌적,11.4,5.3,17.9,0,1.8,35,1009.8
2020-03-25,19.1,쾌적,12.5,6.1,19.2,0,1.9,33.6,1009.7
2020-03-26,19.1,쾌적,14.8,8.1,20.6,1.8,1.9,53.8,1004.9
2020-03-27,19.1,쾌적,11.9,6.7,15.8,2,3.3,56.4,1003.2
2020-03-28,19.1,쾌적,7.7,4.5,12.8,0,3.2,17.9,1010.8
2020-03-29,19.1,쾌적,8.7,1.3,16.1,0,2,30.6,1010.9
2020-03-30,19.1,쾌적,10.2,4.3,16.9,0,1.8,38.4,1010.1
2020-03-31,19.1,쾌적,11.9,4.7,18.6,0,2,34.5,1007
2020-04-01,19.1,쾌적,11.3,6,17.4,0,3.7,35.6,1004.5
2020-04-02,19.1,쾌적,9.3,3.4,15.5,0,2.3,41.4,1011.6
2020-04-03,19.1,쾌적,10,5.3,16.3,0,2.7,53.8,1010.5
2020-04-04,19.1,쾌적,8.9,5,13.3,0,3.4,36.4,1008.6
2020-04-05,19.1,쾌적,7.2,1.9,13.7,0,2.8,29.5,1011.8
2020-04-06,19.1,쾌적,9.3,2.9,16.1,0,2.4,38.3,1010
2020-04-07,19.1,쾌적,10.6,6,16.8,0,2.5,56.6,1005.3
2020-04-08,19.1,쾌적,9.4,5.2,14.2,0,3.5,25.5,1007.8
2020-04-09,19.1,쾌적,8.9,4.3,14.7,0,2.8,44.6,1011.5
2020-04-10,19.1,쾌적,10.7,5.8,16.8,0,2.4,52.6,1014
2020-04-11,19.1,쾌적,9.9,6.2,16,0,2.5,63.8,1009.1
2020-04-12,19.1,쾌적,9.9,4.4,15.6,0,3.8,58.6,1004.4
2020-04-13,19.1,쾌적,12.4,4.3,20.4,0,3.1,39.4,1003.9
2020-04-14,19.1,쾌적,13,7.6,19.6,0,2.4,46.8,1006.3
2020-04-15,19.1,쾌적,13.2,7.2,20.2,0,2.2,39.8,1004.6
2020-04-16,19.1,쾌적,16,8.9,23.8,0,2.3,39.9,1006.1
2020-04-17,19.1,쾌적,12.5,10.4,15.4,6.5,2.4,77.8,1002.2
2020-04-18,19.1,쾌적,13.5,8.5,19.6,0,2.6,67.9,1005.9
2020-04-19,19.1,쾌적,12.3,9.5,15.5,10.3,2.7,75.8,1004.1
2020-04-20,19.1,쾌적,10,7.6,13.1,0.1,3.3,73,1000.6
2020-04-21,19.1,쾌적,7.4,4.8,10.4,0,4.4,49,1003.8
2020-04-22,19.1,쾌적,6,4.1,8.3,0,4,46.8,1005.9
2020-04-23,19.1,쾌적,7.9,2.9,12.8,0,3.7,47.8,1005.6
2020-04-24,19.1,쾌적,9.9,4.1,14.3,0,3.9,55.6,1003.1
2020-04-25,29.5,관심,13.1,9.9,17.1,0,3.9,54.4,999.3
2020-04-26,32.9,관심,12.3,6.8,19,0,3.2,43.1,1006.9
2020-04-27,39.3,관심,12.9,8.7,18.3,0,2.8,49.8,1009.3
2020-04-28,37.6,관심,13.9,7.8,19.9,0,3,50,1009.4
2020-04-29,19.1,쾌적,14.9,9.3,21,0,2.6,48.6,1009
2020-04-30,41,관심,17.1,9.3,23.4,0,2.7,57.1,1005.7
2020-05-01,43.4,관심,20.2,16.4,26.2,0,2.7,73.6,1003
2020-05-02,48.9,관심,20.3,18,23.9,0,2.3,79.6,1001.3
2020-05-03,58,주의,21.8,17,27.4,0,2,68.8,996
2020-05-04,58.4,주의,20.2,14.8,25.3,0,2.7,63.9,998.1
2020-05-05,63.4,주의,16,13.1,19.3,0,1.9,67.9,1001.5
2020-05-06,58,주의,19.4,11.1,27.6,0,2.1,50,1003.7
2020-05-07,19.1,쾌적,20.7,14.9,26.5,0,2.5,32.5,1007.1
2020-05-08,55.5,주의,19.9,14.3,27.3,2.3,2.4,32.8,1004.4
2020-05-09,59.7,주의,14.2,12.7,16.8,24.4,3.6,94.4,994.8
2020-05-10,57.1,주의,14.4,12.8,16.6,1.3,2.5,88.6,997
2020-05-11,41.7,관심,16.5,12.4,22,3.4,3,61,997.7
2020-05-12,42.2,관심,14.3,10.5,18.9,0.7,2.9,69.4,995.1
2020-05-13,47.3,관심,16.1,10.2,21.8,0,2.8,47.3,1005.1
2020-05-14,19.1,쾌적,19.3,12.4,25.4,0,2,35.4,1006
2020-05-15,46.3,관심,16.1,14.1,20.2,12,3,81.4,998.8
2020-05-16,55.2,주의,16.7,15,20.3,2.5,1.6,90.3,996.6
2020-05-17,46.3,관심,19.1,14.6,24.9,0,1.7,80.1,995.3
2020-05-18,47.9,관심,19.1,13.2,26.8,29.8,2.4,79.4,988.4
2020-05-19,54.6,주의,13,10.1,17.1,19,3.2,73.6,990.7
2020-05-20,54.6,주의,14.4,9.2,20.1,0,1.9,60.4,1001.7
2020-05-21,39,관심,17.4,10.9,22.9,0,2.1,56.1,1004.4
2020-05-22,42.2,관심,18.5,14.8,22.7,0,1.9,68.5,1002.7
2020-05-23,49.7,관심,20.1,16.6,25,0,2.2,66.1,1001.1
2020-05-24,52.9,주의,17.1,14.3,20.2,14.5,2.9,84.8,999.6
2020-05-25,57.7,주의,16.6,13.7,21.3,0,2.1,81,1002.3
2020-05-26,48.9,관심,16.2,12.7,22.9,1.5,2.1,81.9,999.4
2020-05-27,47.6,관심,17.4,11.8,23.9,0,2.6,68.5,999.3
2020-05-28,46.6,관심,18.7,14.2,23.4,0,1.9,62.8,999.6
2020-05-29,49.9,관심,20.7,14.6,27.6,0,2,65.6,1004.9
2020-05-30,54.8,주의,22.6,16.5,30,0,1.9,57.3,1006.1
2020-05-31,59.7,주의,21.2,17.6,28,1,2.3,63,1001.4
2020-06-01,66.5,주의,19.7,16.6,24.5,0.4,3.4,64.3,999.7
2020-06-02,61.4,주의,17.9,14.8,21.8,2,2.2,71,997.4
2020-06-03,56.5,주의,22,17.6,28.4,0,2.4,73.3,993.9
2020-06-04,51.1,주의,21.9,19.7,26.5,0.2,2.7,81.1,994.1
2020-06-05,64.9,주의,23,18.4,28.7,0,1.8,69.4,997.2
2020-06-06,63.9,주의,24.6,19.2,30.9,0,2,63.6,998.1
2020-06-07,67.7,주의,22.7,19.2,29.2,0,2.3,69.4,1001.9
2020-06-08,76.2,불쾌,25,19.8,32,0,2.1,63.6,1004.6
2020-06-09,67.9,주의,26.7,20.3,32.8,0,2.3,51.6,1004.3
2020-06-10,75.6,불쾌,25.8,22.5,32.1,6.2,2,63.8,998.9
2020-06-11,83,불쾌,26.1,21.7,31.6,0,2.2,68.3,993.7
2020-06-12,79,불쾌,24.7,21.6,27.6,0,1.7,68.6,995.1
2020-06-13,80.3,불쾌,26.9,20.6,33.5,0,1.9,52.8,994.3
2020-06-14,75.4,불쾌,24,20.1,28.8,1.1,2.9,70.6,994.3
2020-06-15,83.9,불쾌,23,18.2,28.6,0,2.8,62.3,996.4
2020-06-16,71.7,주의,24.4,20,30.7,0,2.2,63,995.7
2020-06-17,67.7,주의,24.3,20.2,30.3,0,2,58.6,995.3
2020-06-18,73.1,주의,23.4,20.3,27.3,0,1.6,61.4,993.1
2020-06-19,72.7,주의,24.7,21.1,30,0.1,2.1,61.4,996.4
2020-06-20,69.2,주의,24.9,20.7,29.7,0,2.1,62.6,1000
2020-06-21,74.4,주의,26.1,19.5,32.7,0,2,59.5,998
2020-06-22,75.2,불쾌,28.6,21.7,35.4,0,2,50.5,998
2020-06-23,80.5,불쾌,27.3,23.2,31,0,1.9,53.5,998.3
2020-06-24,92.2,불쾌,22.3,19.9,26.3,37.6,2.7,83.5,993.1
2020-06-25,85.8,불쾌,21.6,20.1,23.4,13.3,2.2,91,991.8
2020-06-26,65.2,주의,21.8,19.2,25.7,2.1,3.2,82.1,996.5
2020-06-27,62.7,주의,24.1,20.4,29.6,0,2,70.4,995.5
2020-06-28,63.4,주의,25.2,21.5,30.1,0,2.4,70.5,994.8
2020-06-29,71.9,주의,23.8,20.6,26.5,11.9,2.4,77,991.8
2020-06-30,76.4,불쾌,20.1,18.4,23.1,64.7,4,83,984.3
2020-07-01,71.2,주의,21.1,18.1,24.3,0,1.9,79.3,995
2020-07-02,57.7,주의,24.2,20.4,29.8,0,1.9,74.5,1000.9
2020-07-03,61,주의,25.5,21.6,30.6,0.1,2.6,63.5,1000.5
2020-07-04,72.3,주의,24.2,20.4,29.5,1.6,2.1,63.9,997
2020-07-05,19.1,쾌적,23.8,19.9,27.6,0,1.9,68.6,994.5
2020-07-06,72.3,주의,25.6,21.8,30.9,0,2.1,66.6,991.2
2020-07-07,70.8,주의,24.1,22.1,28.1,0,2.5,75.5,994.3
2020-07-08,78.1,불쾌,25.5,21.3,30.4,0,2,71.9,994.8
2020-07-09,71.9,주의,27.5,21.8,32.9,0,1.7,64.6,994
2020-07-10,77.7,불쾌,24.5,22.7,27.7,2.2,2.8,75,992.6
2020-07-11,86.7,불쾌,25.8,22.2,30.2,0,2.6,62.6,997.5
2020-07-12,73.5,주의,23.5,21.7,26,2.9,2.4,71.9,999.3
2020-07-13,79,불쾌,18.7,17.7,21.7,47.6,4,94.8,993
2020-07-14,69.6,주의,20.3,17.2,24.3,11.5,2.8,79.4,993.9
2020-07-15,19.8,쾌적,23.4,18.9,28.7,0,2,63.1,995.5
2020-07-16,59.1,주의,25,20.4,29.7,0,1.8,70.9,997
2020-07-17,69.4,주의,26,21.5,31.6,0,1.9,72,998.3
2020-07-18,75.6,불쾌,26.1,22.8,31,0,1.6,71.6,998.4
2020-07-19,79.9,불쾌,24,20.6,26.6,29.1,2.7,81.6,994.9
2020-07-20,81.3,불쾌,23.8,22.4,26.6,3.6,3.7,86.3,995.9
2020-07-21,76.3,불쾌,25,21.4,30.5,0,1.6,77,1001.8
2020-07-22,70.8,주의,23.7,22.6,25.7,11.5,1.6,89.3,999.9
2020-07-23,75.6,불쾌,21.1,18.5,22.6,103.1,3.6,95.5,995.7
2020-07-24,70.4,주의,22.5,18.7,26.8,2.9,4.6,74.3,989.3
2020-07-25,61.1,주의,24.3,22.3,29,0,3.1,69.3,993.6
2020-07-26,65.9,주의,25.4,21.6,29.6,0,2,69.3,997.4
2020-07-27,72.7,주의,24.3,22.9,25.5,2.2,2.2,86.4,998.6
2020-07-28,77.3,불쾌,24.4,22.7,26.4,0.4,2,84.8,1000.5
2020-07-29,72.7,주의,23.7,22.6,24.9,50.1,2,95.8,1002
2020-07-30,73.1,주의,25.3,23.4,28.4,0.1,2.1,85.5,1003.4
2020-07-31,70.5,주의,26.2,22.8,29.6,1.5,2,81.9,1003.9
2020-08-01,76.8,불쾌,25.3,24.3,26.9,39.1,1.7,90.9,1000.5
2020-08-02,81,불쾌,24.9,23.5,26.4,31.4,2.3,96.3,997.8
2020-08-03,80.6,불쾌,25,23.9,26.3,102.6,3,96.3,998.4
2020-08-04,76,불쾌,27,25,29.4,3.9,3.5,89.3,1000.9
2020-08-05,75.6,불쾌,26.5,25.5,29.1,18.5,1.9,92.1,1000.8
2020-08-06,84.4,불쾌,24.1,22.9,26,75.7,3.3,92.8,995.4
2020-08-07,82.1,불쾌,24.3,22.6,26.1,0,1.8,85.3,996.9
2020-08-08,71.9,주의,24.2,22.7,26.1,19.1,2.3,89.5,993.2
2020-08-09,74.9,주의,24.9,23.7,25.8,50.3,2.6,95.4,992.5
2020-08-10,72.6,주의,26.5,24.7,29.5,44.6,2,91.6,993.8
2020-08-11,75.2,불쾌,24.6,22.4,27.3,97,2.2,92.5,999.6
2020-08-12,83,불쾌,27.2,23.5,31.3,0,1.9,83.9,1002.7
2020-08-13,82,불쾌,28,26.3,30.3,0,2.5,82.4,999.3
2020-08-14,85.6,불쾌,27.1,26.5,28,0.4,3.5,86.1,995.8
2020-08-15,89.2,불쾌,26.1,25,27,69,1.9,96,998.7
2020-08-16,84.9,불쾌,27.4,25.3,30.8,0,3,82.6,1001
2020-08-17,80.5,불쾌,28.2,26.1,32.2,0,2.3,77.9,1003.7
2020-08-18,86.3,불쾌,27.5,24,31.9,0,1.6,76.3,1003.2
2020-08-19,94.8,불쾌,27.1,23.6,31.4,0,2,76.8,1001.7
2020-08-20,86.7,불쾌,27.7,25,31.7,0,1.7,76,1002.4
2020-08-21,85,불쾌,26.6,25.2,29.2,2.5,1.6,83.1,1003.9
2020-08-22,91.2,불쾌,24.3,21.7,27.6,42.6,2.1,87.4,1002.5
2020-08-23,85.2,불쾌,25.3,21.5,29.9,0,1.9,78.4,998.7
2020-08-24,80.6,불쾌,27.8,23.7,32,0,2.2,71.6,995.2
2020-08-25,77.2,불쾌,29.9,26,34.5,0,2.1,69.5,995
2020-08-26,89.8,불쾌,30.2,27,34.5,0.6,3.4,68.3,992.2
2020-08-27,100,불쾌,27.1,25.6,28.6,8.7,3.6,84.6,991.3
2020-08-28,100,불쾌,27.3,26,29.7,13.6,1.6,89.1,997.3
2020-08-29,86.5,불쾌,26.8,25.5,29,13.6,1.3,90.1,999.2
2020-08-30,90.2,불쾌,26.8,24.4,30.6,42.5,2.1,88.8,1001.6
2020-08-31,87.3,불쾌,26.4,23.8,30,0,2.8,77.9,1002.4
2020-09-01,92,불쾌,26.6,23.8,29.5,0,1.9,72.4,999.4
2020-09-02,81.6,불쾌,24.3,22.6,26.4,33.3,2.3,91.3,993.7
2020-09-03,82.5,불쾌,22.7,20,25.6,29.8,4.8,82,987.3
2020-09-04,72.8,주의,23.3,19.9,27.5,0,2.7,63.9,1002.2
2020-09-05,71.4,주의,23.3,19.2,27.3,0,2,66.6,1003.5
2020-09-06,68.8,주의,21.7,19.5,24.4,6.4,2.7,80,999.3
2020-09-07,68.8,주의,19.2,17.5,20.6,61,4.2,93.5,983.1
2020-09-08,63,주의,23.4,20.6,26.5,0,4.2,71.5,998.7
2020-09-09,54.9,주의,21.1,19,25.3,1.3,2.1,83.4,999.9
2020-09-10,69.2,주의,22.8,18.8,27,3.9,2,75.8,999.1
2020-09-11,61.1,주의,22.4,19.2,27.1,1.2,2.8,72.6,1004.5
2020-09-12,69.9,주의,20.2,18.1,23.2,5.7,2,83.8,1004.6
2020-09-13,65.5,주의,21.5,16.7,26.6,0,1.9,70.4,1005.7
2020-09-14,58,주의,21.3,17.6,24.9,0,1.8,79.3,1004.4
2020-09-15,62.3,주의,23,18.9,27.7,0,1.6,76.4,1002.6
2020-09-16,61.7,주의,22.5,21.3,24.9,0.3,1.9,79.9,999.6
2020-09-17,68.3,주의,21.3,20.1,23.6,0,2.1,70.3,1000.2
2020-09-18,66.8,주의,21.5,18.1,25.8,0,2.8,62,1002.7
2020-09-19,62.5,주의,21.2,17.6,26.2,0.3,2.2,59.3,1004.9
2020-09-20,65.1,주의,19.7,15.6,24.9,0,2,57.6,1007
2020-09-21,61.3,주의,19.1,13.6,25.3,0,1.7,56.1,1008.1
2020-09-22,56.5,주의,20.2,15.5,25.6,0,2.8,55.3,1008.7
2020-09-23,56.5,주의,19.2,15.2,23.8,0,3.3,59.9,1008.2
2020-09-24,59.8,주의,20.6,16.8,25.4,0,3.7,59.6,1005.3
2020-09-25,54.9,주의,20.1,16.6,25.4,0,2.5,64.1,1003.7
2020-09-26,59.3,주의,19.3,14.8,24.8,0,2.4,62.5,1006.7
2020-09-27,58.1,주의,20.4,14.9,25.8,0,2,63.3,1008.5
2020-09-28,58.7,주의,20.7,15.7,26.5,0,2,66,1006.5
2020-09-29,58.7,주의,19.6,15.3,23.9,0,1.9,67.6,1001.6
2020-09-30,59.7,주의,19.6,16.2,25.7,38.3,1.7,78,1000.6
2020-10-01,56.4,주의,18.8,15.6,23.6,0,2.1,74.9,1003.4
2020-10-02,56.2,주의,19.2,16.3,21.9,0,2.3,79.6,1004.6
2020-10-03,54,주의,19.9,18.3,23.2,0,1.6,72.5,1004.9
2020-10-04,54.9,주의,16.6,10.6,21.8,0,2.8,65.1,1002.7
2020-10-05,57.1,주의,13.3,8.5,18.4,0,2.5,57.3,1007.9
2020-10-06,47.6,관심,14.2,9.3,19.7,0,2,55.9,1012.2
2020-10-07,39.7,관심,16,9.9,22,0,1.9,48.9,1015.8
2020-10-08,19.1,쾌적,17.2,12.1,23.1,0,3.1,53,1016.7
2020-10-09,19.1,쾌적,17.2,12.4,23.3,0,3,53.4,1013.2
2020-10-10,19.1,쾌적,16.9,12.3,21.5,0,2,60.1,1009.7
2020-10-11,19.1,쾌적,16.9,12.7,20.8,0,1.8,68.5,1006.1
2020-10-12,19.1,쾌적,16.2,12.1,21.3,0,2.2,68.6,1005.2
2020-10-13,19.1,쾌적,13.6,8.6,18.4,0,2.2,52.3,1010.7
2020-10-14,19.1,쾌적,12.8,8.5,18,0,2.4,47,1014.6
2020-10-15,19.1,쾌적,11.7,6.5,18.5,0,1.5,41.8,1015.8
2020-10-16,19.1,쾌적,11.8,8.6,15.4,0,1.5,64.3,1013.7
2020-10-17,19.1,쾌적,13.1,8.7,18.6,0,1.8,64.3,1013
2020-10-18,19.1,쾌적,13.6,7.2,20.2,0,2,65.5,1013.6
2020-10-19,19.1,쾌적,15.1,9.8,21.3,0,1.7,74.4,1014.7
2020-10-20,19.1,쾌적,15.2,9.9,21.7,0,1.6,67.1,1015.4
2020-10-21,19.8,쾌적,14.1,11.8,17.3,0,1.9,69.4,1008.6
2020-10-22,19.1,쾌적,13.5,8.4,18.2,0,2.8,66,1003.5
2020-10-23,19.1,쾌적,8.6,5.4,13.3,0,3,51.5,1004.9
2020-10-24,19.1,쾌적,8.7,3.2,14,0,2.5,47.6,1008.7
2020-10-25,19.1,쾌적,11.8,5.4,18.2,0,1.7,62.5,1009.9
2020-10-26,19.1,쾌적,12.9,8,19,0,1.6,71.6,1009.8
2020-10-27,19.1,쾌적,14,9,19.4,0,1.8,74.1,1010.9
2020-10-28,19.1,쾌적,13.8,8.6,18.2,0,2.5,52.1,1012.6
2020-10-29,19.1,쾌적,10.8,5.5,16.1,0,2,40.3,1013.7
2020-10-30,19.1,쾌적,11.9,5.8,19.6,0,1.5,42.9,1015.2
2020-10-31,19.1,쾌적,13.6,8.5,18.2,0,2.6,60.3,1013.9
2020-11-01,19.1,쾌적,13.7,11.6,15,13.6,2.3,84.3,1009.2
2020-11-02,19.1,쾌적,10.8,7.9,15.6,1.7,2.3,58.3,1010.1
2020-11-03,19.1,쾌적,5.1,2.7,8.6,0.5,3.5,47.5,1011.9
2020-11-04,19.1,쾌적,4.9,0.2,10.8,0,2.3,43.9,1015.2
2020-11-05,19.1,쾌적,9.6,3.4,15.9,0,1.8,61.5,1016.7
2020-11-06,19.1,쾌적,13.5,9.9,17.2,0,1.7,63.3,1010.9
2020-11-07,19.1,쾌적,14.6,12.2,18.1,0.1,2.7,68.8,1007.6
2020-11-08,19.1,쾌적,8.5,3.1,12.4,0,3.1,43.8,1012.3
2020-11-09,19.1,쾌적,5.5,0.7,8.9,0,1.8,40.9,1015.2
2020-11-10,19.1,쾌적,7.7,3.5,12.9,0,2.2,56.1,1017.9
2020-11-11,19.1,쾌적,9.3,3.5,16.5,0,1.6,53.5,1021.3
2020-11-12,19.1,쾌적,10.4,4.6,17.7,0,1.7,56.9,1019.9
2020-11-13,19.1,쾌적,12.2,8.5,17.6,0,1.6,71.5,1018.2
2020-11-14,19.1,쾌적,12.5,6.8,19.3,0,1.7,66.9,1018.9
2020-11-15,19.1,쾌적,11.1,8.2,14.9,0,1.7,75,1017.1
2020-11-16,19.1,쾌적,12.4,7.5,18.3,0,1.6,70.1,1015.9
2020-11-17,19.1,쾌적,15.9,11.7,20,0.1,2.3,67.5,1013.2
2020-11-18,19.1,쾌적,16.6,14.8,18.7,12.2,2.6,91.4,1005.5
2020-11-19,19.1,쾌적,13.6,6.9,19.1,86.9,4.2,90.5,998
2020-11-20,19.1,쾌적,2.8,0.3,7,0,3.2,74.3,1009.3
2020-11-21,19.1,쾌적,6.5,-0.3,12.8,0.2,2.1,67.9,1013.1
2020-11-22,19.1,쾌적,5.6,1.5,9.1,4.8,2.5,80.5,1012.4
2020-11-23,19.1,쾌적,1.7,-1.5,5.9,0,2.3,61.4,1017.8
2020-11-24,19.1,쾌적,2.9,0.2,6.4,0,1.8,54.5,1018
2020-11-25,19.1,쾌적,4.6,0,9.5,0,1.5,64.1,1017
2020-11-26,19.1,쾌적,5.6,1.9,10.9,0,1.7,66.5,1016.5
2020-11-27,19.1,쾌적,4.1,0.6,7.7,0,2.7,61.6,1015.4
2020-11-28,19.1,쾌적,-0.1,-2.3,2.8,0,2.8,50,1018.3
2020-11-29,19.1,쾌적,-0.6,-3.6,2.6,0,2.2,59.6,1019.3
2020-11-30,19.1,쾌적,-0.2,-3.6,4.3,0,1.9,57.8,1024.1
2020-12-01,19.1,쾌적,1.1,-3.6,6.7,0,1.9,44.5,1024.7
2020-12-02,19.1,쾌적,2.4,0.5,6.1,0,1.8,41.4,1020.2
2020-12-03,19.1,쾌적,0.7,-2.3,4.2,0,2.7,47.1,1019.1
2020-12-04,19.1,쾌적,-0.6,-4.6,4.4,0,1.8,53.8,1019.6
2020-12-05,19.1,쾌적,2.1,-2.2,6.6,0,1.7,63.1,1019.1
2020-12-06,19.1,쾌적,4.5,1.2,9.1,0,1.8,66.9,1017.4
2020-12-07,19.1,쾌적,3.4,-0.7,6.3,0,2.6,57.5,1017.6
2020-12-08,19.1,쾌적,-0.5,-3.5,4.1,0,2,50,1018.2
2020-12-09,19.1,쾌적,1.5,-4.1,6.2,0,1.5,55.1,1015.9
2020-12-10,19.1,쾌적,5.8,3.2,9.3,0,1.7,69.9,1011.8
2020-12-11,19.1,쾌적,5.3,2.6,9.4,0,1.8,77.1,1009.1
2020-12-12,19.1,쾌적,2.3,-0.3,6.1,0,2.1,51.3,1009
2020-12-13,19.1,쾌적,-1.1,-6,2,2.9,2.9,74.9,1008.4
2020-12-14,19.1,쾌적,-7.7,-9.7,-5,0,3.4,49.1,1018.3
2020-12-15,19.1,쾌적,-8.3,-11.1,-4.6,0,2.8,43,1020.5
2020-12-16,19.1,쾌적,-8.3,-11.2,-3.9,0,2.6,43.9,1020.6
2020-12-17,19.1,쾌적,-4.9,-11.1,0.8,0,1.7,47,1019.6
2020-12-18,19.1,쾌적,-2.1,-6.4,1.8,0.2,3,57,1017.7
2020-12-19,19.1,쾌적,-5.1,-9.6,-1.2,0,2.4,45.1,1022.4
2020-12-20,19.1,쾌적,-3.7,-8.2,1.1,0,2,50.4,1021.6
2020-12-21,19.1,쾌적,-1,-6,4.7,0,1.6,64.1,1018.4
2020-12-22,19.1,쾌적,2,-2.5,7.2,0,2,67.6,1015.3
2020-12-23,19.1,쾌적,4.5,-0.4,8.5,0,2.3,76.6,1011.3
2020-12-24,19.1,쾌적,2.6,-2,6.1,0,2.9,61.5,1007.8
2020-12-25,19.1,쾌적,-0.8,-4.7,3.5,0,2.1,51.9,1012.8
2020-12-26,19.1,쾌적,2.2,-2.1,8,0,1.8,65.8,1013.5
2020-12-27,19.1,쾌적,5.8,1.4,10,0,1.8,62.9,1011
2020-12-28,19.1,쾌적,6.7,4.2,11.4,1.3,1.4,72.1,1012.6
2020-12-29,19.1,쾌적,0.1,-6.2,4.3,0.2,2.9,70.8,1011
2020-12-30,19.1,쾌적,-10.9,-12.9,-6.2,0,4.1,55.5,1012.5
2020-12-31,19.1,쾌적,-8.9,-12.9,-5,0,2.4,53.9,1015.4
2021-01-01,19.1,쾌적,-4.2,-9.8,1.6,0,2,64,1014.9
2021-01-02,19.1,쾌적,-5,-8.4,-1.4,0,2.6,38.5,1018.5
2021-01-03,19.1,쾌적,-5.6,-9.1,-2,0,2,45,1023
2021-01-04,19.1,쾌적,-3.5,-8.4,0.3,0,1.7,51.4,1020.3
2021-01-05,19.1,쾌적,-5.5,-9.9,-2.1,0,2.9,52.8,1019.2
2021-01-06,19.1,쾌적,-7.4,-12,-1.9,2.3,2.4,54.6,1012.8
2021-01-07,19.1,쾌적,-14.5,-16.5,-8.4,0,4.1,49.9,1015.3
2021-01-08,19.1,쾌적,-14.9,-18.6,-10.7,0,3.3,44,1014.1
2021-01-09,19.1,쾌적,-12.2,-16.6,-7.5,0,2.6,46.3,1014
2021-01-10,19.1,쾌적,-7.7,-12.8,-2.7,0,1.3,54.4,1017
2021-01-11,19.1,쾌적,-6.7,-9.6,-4,0,1.9,62.1,1015.5
2021-01-12,19.1,쾌적,-3.9,-9.3,-0.5,2.6,1.8,79.5,1006.9
2021-01-13,19.1,쾌적,2,-3,8.3,0,2.4,80.3,1004.6
2021-01-14,15.4,쾌적,1.7,-3.6,7,0,2.3,46.5,1011.1
2021-01-15,21.3,쾌적,4.5,-0.7,9.9,0.2,3,67.4,1005.6
2021-01-16,20.9,쾌적,-4.9,-8.7,-0.7,0,3.3,59.3,1014.8
2021-01-17,24.4,쾌적,-5.5,-10.8,-1.3,0,2.3,58.5,1016.4
2021-01-18,14.6,쾌적,-3.8,-9.1,0.2,0.3,3.2,64.3,1010.7
2021-01-19,14.1,쾌적,-6.3,-11.6,-0.2,0,1.8,37.9,1021.2
2021-01-20,15.5,쾌적,-0.1,-6.6,7.1,0,2.2,37.8,1019.1
2021-01-21,13.5,쾌적,4.5,2.5,7,9.2,2.3,64.4,1012.6
2021-01-22,19,쾌적,5.5,4.8,6.6,0.1,1.7,92.9,1009.2
2021-01-23,24.4,쾌적,7.6,4.8,12.2,0,4.2,66,1009.8
2021-01-24,25.8,관심,7.3,2.4,13.9,0,2.1,63.9,1015.2
2021-01-25,29,관심,7.9,3,13.9,0,1.9,62,1015.1
2021-01-26,28.5,관심,5.3,1.7,7.4,1.7,1.9,80.4,1009.4
2021-01-27,29.5,관심,1.7,-1.8,6.5,0,2.2,47.6,1012.9
2021-01-28,6.5,쾌적,-2.6,-9.7,1.4,2,4,52.3,1006.5
2021-01-29,0,쾌적,-8.8,-11.6,-4.9,0,3.5,40,1015.6
2021-01-30,0,쾌적,-1.6,-8.1,5.2,0.5,2.5,60,1015
2021-01-31,0,쾌적,3.2,-3.8,8.7,0,2,57,1015.5
2021-02-01,0,쾌적,5,-2.3,9.5,0.7,2.7,74.5,1006.2
2021-02-02,0,쾌적,-5.6,-8.2,-2.4,0,3.9,44.1,1015.4
2021-02-03,0,쾌적,-3.2,-9.4,1.4,3.4,2.2,64.6,1014.5
2021-02-04,0,쾌적,-3.6,-7.4,0.7,0.1,2.5,50.1,1016.4
2021-02-05,0,쾌적,1.4,-4.4,6.7,0,2.4,71.8,1010.2
2021-02-06,0,쾌적,6.8,4.3,9.5,0,2.2,80.4,1004.8
2021-02-07,0,쾌적,3.6,-2.6,7.7,0,2.9,67,1010.8
2021-02-08,15.3,쾌적,-3.1,-5.4,0.2,0,3.4,43.6,1017.5
2021-02-09,0,쾌적,-0.9,-6.1,4.7,0,2,51.9,1017.6
2021-02-10,0,쾌적,3.4,-1.5,7.2,0,2.1,75.1,1014.5
2021-02-11,0,쾌적,5.5,1.3,10.9,0,1.3,71.5,1014.6
2021-02-12,0,쾌적,6.5,0.6,14,0,1.7,60.6,1014.3
2021-02-13,5.2,쾌적,7.6,1,15.9,0,1.5,50.6,1013.7
2021-02-14,2.8,쾌적,9.5,6.4,13.8,0,1.7,47.6,1004.5
2021-02-15,4.2,쾌적,1.2,-5.2,8.2,1.4,4,65.1,1001
2021-02-16,22.4,쾌적,-5.1,-7,-1.3,1.5,3.2,57.9,1006.2
2021-02-17,0,쾌적,-8.3,-10.4,-5.2,0,5,44.1,1008
2021-02-18,0,쾌적,-5.8,-10.6,-0.4,0,3.1,44.9,1011.4
2021-02-19,0.8,쾌적,1.6,-7.1,8.9,0,2.9,66.9,1006.5
2021-02-20,0,쾌적,8.8,5.5,14.9,0,2.1,60.4,999.5
2021-02-21,0,쾌적,10.8,4.7,17.4,0,2.8,66.6,999.2
2021-02-22,19.3,쾌적,7.8,0.4,12.6,0,2.9,58.3,1004.5
2021-02-23,16.6,쾌적,0,-3.1,4.3,0,2.9,34,1015.2
2021-02-24,2.2,쾌적,2.9,-3,10.1,0,1.8,33,1014.7
2021-02-25,0,쾌적,4.2,0.7,8.2,0,1.4,35.1,1013.1
2021-02-26,0,쾌적,8.2,0.5,15.8,0,2.3,35,1013.3
2021-02-27,3.2,쾌적,9.5,4.3,16.2,0,3.4,48.6,1017.8
2021-02-28,2.5,쾌적,7.8,3.2,10.8,0,2.1,49,1015.4
2021-03-01,15.3,쾌적,4.7,0.5,9,67.5,3.5,91,1005
2021-03-02,11.6,쾌적,2.3,0.2,6.9,0.1,1.9,75.9,1014.4
2021-03-03,2.5,쾌적,4.4,-1.2,9.9,0,1.8,64.4,1018.3
2021-03-04,1.5,쾌적,7.2,2.5,13,0,1.9,62.4,1013.5
2021-03-05,0,쾌적,9,3,16.2,0,2.1,70.3,1010.7
2021-03-06,9.2,쾌적,6.6,3.2,11.6,0,3.3,69.5,1016.7
2021-03-07,10.9,쾌적,6.2,2.1,12.2,0,2.8,62.9,1017.7
2021-03-08,11.6,쾌적,7,1.5,13.9,0,1.8,60.3,1016.3
2021-03-09,7.9,쾌적,6.6,2.1,12.2,0,2.2,58.5,1015.2
2021-03-10,5.9,쾌적,8.8,1.7,17.1,0,1.8,61.8,1017.7
2021-03-11,7.9,쾌적,10.2,4.7,17.1,0,1.8,50.8,1015.4
2021-03-12,6.5,쾌적,10.5,7.2,14.9,0,2.2,57,1011.5
2021-03-13,16.6,쾌적,9.2,4.6,14.2,0,2.2,62.8,1011.1
2021-03-14,25,관심,9.1,4.9,14.7,0,2.2,71.4,1009.6
2021-03-15,16.3,쾌적,10.6,5.1,15.7,1.7,2.4,68.8,1005.9
2021-03-16,17.3,쾌적,8.4,4.9,13.1,1.3,3.2,52.5,1005.5
2021-03-17,18,쾌적,8.8,1.8,17.5,0,1.8,44.9,1008.8
2021-03-18,17.3,쾌적,11.7,5,18.4,0,1.8,50.1,1009.1
2021-03-19,6.9,쾌적,15.3,11.4,20.2,0,2.2,47.9,1008
2021-03-20,17.6,쾌적,9.9,7.4,14.7,5.1,2.2,74.6,1002.9
2021-03-21,39.2,관심,5.8,3.1,8.6,0.3,4,65.9,1004.5
2021-03-22,25.7,관심,6.2,1.1,11.1,0,3.2,55.3,1009.9
2021-03-23,11.2,쾌적,9.1,2.5,16.4,0,2.5,63.5,1010.1
2021-03-24,4.5,쾌적,10.8,5.7,16.9,0,2.4,61.5,1010
2021-03-25,9.2,쾌적,11.9,6.8,19,0,2.2,68.5,1010.8
2021-03-26,20,쾌적,12.6,4.8,20.6,0,1.4,58.4,1010.2
2021-03-27,23.7,쾌적,12.1,10.2,15,25.5,2.5,70.9,999.8
2021-03-28,0.8,쾌적,9,7.7,13,9.2,3.3,95.8,992.7
2021-03-29,35.1,관심,10.2,7.3,14.6,0.2,3.3,62.3,998.3
2021-03-30,26.7,관심,10.8,4.1,18.2,0,2.2,47.3,1002.4
2021-03-31,25.4,관심,14.5,5.9,22.9,0,1.8,41,1004.1
2021-04-01,14.6,쾌적,17.7,12,24,0,3.5,33,1008.1
2021-04-02,20.7,쾌적,17.8,12.5,23,0,3.2,35.6,1008.7
2021-04-03,41.2,관심,14.9,10.9,18,56.2,3.1,80.8,1002.1
2021-04-04,42.9,관심,11.9,9,15.8,0.6,3.2,65.8,1005.4
2021-04-05,37.5,관심,11.9,5.4,19.3,0,2.4,47.9,1011.7
2021-04-06,31.1,관심,13.9,9.4,19.2,0,2.5,50.9,1009.7
2021-04-07,19,쾌적,14.1,8.1,20.4,0,2.5,47.5,1009
2021-04-08,32.5,관심,13,7.2,18,0,2.7,34,1008.1
2021-04-09,28.1,관심,13.6,7.6,19.6,0,2.7,39.3,1014
2021-04-10,25,관심,12.6,7.7,18.8,0,2.6,50,1019.8
2021-04-11,26.4,관심,15,7.5,21.8,0,1.7,45.4,1018.7
2021-04-12,26.7,관심,13.8,11.9,17.8,22,2.4,70.4,1007.1
2021-04-13,26.1,관심,10.4,5.7,13.5,8,3.7,74,1002.4
2021-04-14,40.9,관심,8.4,3.1,13.3,0,2.9,58.5,1008.8
2021-04-15,20,쾌적,11.6,6.3,18.3,0,2.1,62.3,1007.9
2021-04-16,11.2,쾌적,11.3,8.1,14.8,0.7,2.6,60,1005.6
2021-04-17,22,쾌적,9.6,6,14.6,0,2.6,56.6,1004.3
2021-04-18,28.1,관심,9.9,5.6,15.3,0,3.2,64.3,1005.9
2021-04-19,21,쾌적,12.2,5.8,19.4,0,2.4,65.3,1006.9
2021-04-20,19.7,쾌적,14.8,8.1,22,0,1.9,55.1,1010.6
2021-04-21,20.3,쾌적,19.1,10.3,28.2,0,1.8,43.1,1011.1
2021-04-22,28.1,관심,20.9,16.1,27.5,0,2.5,37.9,1008.5
2021-04-23,35.5,관심,19,17,21.7,0,3.2,41.4,1009.1
2021-04-24,55,주의,18.3,15.3,22.2,0,2.7,43,1009.5
2021-04-25,58,주의,18.2,12.6,24,0,2.7,50,1009.1
2021-04-26,52.3,주의,16.2,12.3,20.6,0,2.6,51.8,1010.6
2021-04-27,43.2,관심,15.4,12.5,20,1.7,2.3,62.4,1007.5
2021-04-28,42.2,관심,14.5,11.2,18.2,4.7,2.4,64.1,1005.8
2021-04-29,42.9,관심,14.6,10.9,20.1,3.9,2.3,54.1,995.8
2021-04-30,38.5,관심,11.3,8.6,14.6,26.3,2.4,81.8,994.3
2021-05-01,37.5,관심,10.2,8.5,15.3,8,2.7,80.8,995.6
2021-05-02,29.8,관심,12.4,7.3,18.7,1.7,3.1,67.9,1006.2
2021-05-03,29.4,관심,14.1,8.4,20.3,0,2.1,56.4,1007.6
2021-05-04,25.4,관심,13.8,11.4,15.8,19.6,2.1,82.6,999.3
2021-05-05,29.1,관심,13.9,10.3,18.4,0.1,3.5,64.4,1002.3
2021-05-06,39.2,관심,15.7,7.9,23.1,0,2.4,46.4,1005.1
2021-05-07,35.5,관심,14.4,10.7,17.2,8.8,3.4,60.3,996
2021-05-08,27.4,관심,14.3,8.9,21,0,3.4,66.1,994.4
2021-05-09,36.8,관심,15.7,10,21.8,0,3.5,51.3,999.3
2021-05-10,30.8,관심,13.2,11.7,14.6,0,1.8,67.9,1003.2
2021-05-11,34.5,관심,18.5,9.4,25.7,0,2.7,48.9,1003.1
2021-05-12,40.2,관심,22,16.9,27.7,0,2.2,39.5,1001.9
2021-05-13,32.5,관심,22.9,16.6,29.6,0,1.9,54.4,1001.1
2021-05-14,57.7,주의,24.1,18,30.8,0,1.7,60.3,1000.7
2021-05-15,56.7,주의,22.1,20.8,26.2,15,1.7,79.5,996.4
2021-05-16,61.4,주의,18.4,14.8,20.8,66.9,2.5,97.6,991.1
2021-05-17,70.8,주의,15.3,14.2,16.7,3.1,1.6,93,997
2021-05-18,50.6,주의,17.9,13.6,24.5,0,1.7,70.5,1000.5
2021-05-19,48.6,관심,19.9,12.4,26.6,0,1.8,52.3,1001.8
2021-05-20,46.6,관심,18.7,15.6,22.9,0.9,2.5,59.8,995.2
2021-05-21,42.6,관심,16,14.2,18.2,6.9,1.7,86.5,995.9
2021-05-22,0.8,쾌적,18.6,13.8,23.8,0.2,2.5,69.3,1000.8
2021-05-23,48.6,관심,19.5,14.3,25.1,0,1.7,64.4,1000.8
2021-05-24,47.3,관심,19.4,16.4,24.5,0,2.7,61,997.9
2021-05-25,49,관심,15.3,11.9,19.3,8.3,3.2,72.3,997
2021-05-26,56,주의,18,11.5,23,0,2.9,58.5,997.4
2021-05-27,40.9,관심,15.8,13.9,18.7,8.9,2.8,83,991.6
2021-05-28,39.5,관심,15.3,12.4,19.7,12.3,2.6,86,990.6
2021-05-29,47.6,관심,15.4,12.8,19.1,0.3,2.2,79.8,996.7
2021-05-30,42.6,관심,18.4,10.8,26.3,18.1,2.1,73,998.9
2021-05-31,43.9,관심,19.9,16.5,23.8,4,1.8,78.9,1001.1
2021-06-01,37.2,관심,20.2,15.9,23.9,3.2,2.2,74.6,1003.9
2021-06-02,56.4,주의,23.2,16.6,29.7,0,2.1,64.4,1002.6
2021-06-03,54.3,주의,19.1,14.6,22.7,18.1,1.8,80.8,994.3
2021-06-04,56.7,주의,18.5,13.3,23.6,0,2.9,69.4,991.7
2021-06-05,50,주의,20.8,17,25.7,0,3.3,68.1,991
2021-06-06,45.6,관심,23,18.4,28.2,0,2.2,69.6,996.7
2021-06-07,58,주의,21.1,19.4,24,0,1.7,71.5,1003.8
2021-06-08,62.8,주의,23.6,18.8,29.5,0.1,1.7,69.6,1005.1
2021-06-09,66.1,주의,25.8,19.5,31.6,0,1.6,59.1,1004.6
2021-06-10,64.1,주의,24.9,20.5,29.8,6.1,2.2,68.5,1000.8
2021-06-11,66.5,주의,21.5,19.9,24.4,4.6,2.8,84.5,1000.1
2021-06-12,69.8,주의,24.2,18.2,30.2,0,1.8,74.6,1001.7
2021-06-13,67.8,주의,24.8,20.9,29.7,0,2,72.6,998.4
2021-06-14,62.1,주의,24.8,18.9,30.2,0,2.1,68.8,995.7
2021-06-15,71.2,주의,22.5,21.5,25.3,1.9,2.3,79.1,994.5
2021-06-16,64.4,주의,24.3,20.3,28.9,0,3.6,59.9,995.5
2021-06-17,73.2,주의,21.9,19.6,25,0,2.4,71.4,995.8
2021-06-18,69.2,주의,20,19,21.4,6.3,2.5,92.1,991.5
2021-06-19,66.8,주의,22.3,17.5,27.4,0,1.8,74,991.4
2021-06-20,64.8,주의,22.9,17.6,29,0,2.8,73.3,990.9
2021-06-21,59.7,주의,23.6,19.2,28.5,0,2.2,67,994.5
2021-06-22,60.1,주의,22.8,19.7,28.6,0,2.1,67.9,998.3
2021-06-23,65.5,주의,22.4,18.8,27.9,7.5,2.4,70.5,1000.4
2021-06-24,67.1,주의,23,18.5,28,0,1.9,71.1,1001.2
2021-06-25,64.1,주의,24.1,19.5,29.5,0,2,69,1000.7
2021-06-26,63.1,주의,22.8,19.9,26.7,4.5,1.8,78.5,1000.5
2021-06-27,66.5,주의,24.5,19.8,30.8,38.2,2,72.1,997.3
2021-06-28,67.8,주의,23.7,21,29.2,0.1,1.9,76.4,995.4
2021-06-29,67.5,주의,23.9,21.3,28.4,8,1.8,78.6,995.6
2021-06-30,71.5,주의,24.3,21,28.8,6,1.3,77.9,997.1
2021-07-01,72.5,주의,26.3,21.4,31,0,1.8,70.9,996.8
2021-07-02,71.5,주의,27.1,23.6,31.8,0,2.3,64.1,998.7
2021-07-03,72.9,주의,22.6,19.6,25.7,60,3.6,80,996.3
2021-07-04,80.3,불쾌,21.4,19.8,23.1,21.4,2.3,96.8,994.4
2021-07-05,66.8,주의,23.3,20.1,26.9,0,1.4,80.3,999.8
2021-07-06,67.5,주의,25.3,21,30.1,0,1.6,73.4,997.2
2021-07-07,68.5,주의,26.4,23.9,29.1,12.7,1.5,78.5,997.1
2021-07-08,71.5,주의,26,23.8,29.8,2.9,2,81.6,995.2
2021-07-09,81.3,불쾌,25.5,23.6,29.2,0,1.9,77.3,995.5
2021-07-10,80.9,불쾌,25.9,23.1,29.2,0.5,2.4,80.4,997.5
2021-07-11,80.3,불쾌,25.7,24.1,27.5,0.4,2.2,86.8,999.9
2021-07-12,78.6,불쾌,28.1,23.8,32.5,0,1.6,75.1,1000
2021-07-13,82,불쾌,28.8,26.3,31.5,0,1.7,76.1,999.8
2021-07-14,80.9,불쾌,29.7,26.1,33.5,0,2.2,71.4,1002.1
2021-07-15,89.4,불쾌,29.1,25.9,34.5,0,2.1,71.1,1004.5
2021-07-16,88.7,불쾌,28.8,24.2,35.2,0,2.2,68.4,1004.3
2021-07-17,88,불쾌,29.1,24.7,32.8,0,2.3,63.1,1002.1
2021-07-18,82.3,불쾌,29.6,25.7,34.1,0,2.1,62.5,1001.4
2021-07-19,84,불쾌,26.4,24,30.5,67.4,1.9,80.1,1003.4
2021-07-20,87.3,불쾌,27.9,23.6,31.8,0,1.5,75.8,1004.4
2021-07-21,81.6,불쾌,30.5,25.3,35.3,0,1.7,64,1002.9
2021-07-22,80.3,불쾌,31.2,26.5,35.9,0,2,59.8,1000.9
2021-07-23,86,불쾌,31.2,27.2,35.8,0,1.8,61.8,999.3
2021-07-24,90,불쾌,31.7,26.9,36.5,0,1.7,57.4,998.2
2021-07-25,92.4,불쾌,31.5,27.2,35.9,0,2,55.8,996.5
2021-07-26,91.4,불쾌,31.2,27.4,35.4,0,2.4,54.9,994.6
2021-07-27,92.4,불쾌,31.1,27.8,35.7,0,2.1,60.5,992.9
2021-07-28,93.1,불쾌,30.4,27.1,34.7,0,1.9,67.4,992.5
2021-07-29,94.4,불쾌,29.6,27,33.3,0,2,69.9,991.9
2021-07-30,92.1,불쾌,30.5,25.8,35.4,0,2.1,63.1,990.5
2021-07-31,91.7,불쾌,29.8,26.8,34.3,3,2.5,69.9,990.6
2021-08-01,87.7,불쾌,27.1,25.1,28.8,21,1.3,81.8,991
2021-08-02,91,불쾌,26.5,25,28.6,1.7,1.6,82.6,993.6
2021-08-03,85.3,불쾌,28,24.1,31.4,0,1.8,76.9,997.7
2021-08-04,85,불쾌,28.9,26.3,33.2,0,2,70.6,998.8
2021-08-05,82,불쾌,29.4,25.6,33.7,0,2.1,68.1,996.4
2021-08-06,89.4,불쾌,28.1,26,32.2,0,2.1,68.4,994
2021-08-07,87,불쾌,28,23.4,32.3,0,2.1,65,993.5
2021-08-08,88.3,불쾌,26.8,24.4,32.1,12.7,1.7,74.8,993.4
2021-08-09,79.6,불쾌,28.3,23.3,33.6,0,2.3,62.4,993.6
2021-08-10,83,불쾌,27.7,24.3,32.2,0,2.3,62.5,997.5
2021-08-11,79.3,불쾌,27.4,24.1,31.6,0,2,70.3,1000.1
2021-08-12,82.6,불쾌,26.8,24,31.7,0,1.8,67.1,999.6
2021-08-13,82,불쾌,26.6,23.4,30.1,0,2,70.4,996.7
2021-08-14,81.6,불쾌,26.1,23.4,30.5,0,3,63.9,998.3
2021-08-15,79.6,불쾌,26.9,21.7,32.4,0,2.3,59.6,1003.6
2021-08-16,79.6,불쾌,27.3,22.5,32.8,0,2.3,61.1,1004
2021-08-17,73.9,주의,25.9,21.9,31.3,9.3,2.4,65,1000.2
2021-08-18,76.6,불쾌,24.3,20.6,31,5.6,2.8,69.6,1000.4
2021-08-19,74.5,주의,26,21,31.5,0,2.6,57.1,1001.6
2021-08-20,70.2,주의,26.6,22.6,30.7,0,2.3,63.6,1001.4
2021-08-21,71.5,주의,23.8,21,25.5,62.8,2.7,88.1,993.1
2021-08-22,76.9,불쾌,24.4,22.4,27,0,2.1,81.5,998.3
2021-08-23,71.5,주의,22.4,21,24,7.4,2,89.3,998.7
2021-08-24,76.2,불쾌,23.4,21.1,26.4,10.5,2.9,93.6,989.8
2021-08-25,71.5,주의,25,23.5,27.3,0.3,1.8,85.5,996.4
2021-08-26,71.8,주의,25.5,22.9,27.9,0.7,2.5,84.9,1001.8
2021-08-27,79.9,불쾌,22.4,20.4,25.5,0.9,1.3,83.5,1003.2
2021-08-28,77.9,불쾌,23.6,19.7,28.2,0,1.8,80.4,1004.2
2021-08-29,69.5,주의,23.7,21.9,26.3,0.9,1.6,82.6,1004
2021-08-30,67.1,주의,24.2,21.2,27.7,0,1.4,77.5,1005.9
2021-08-31,74.5,주의,20.5,18.1,23.1,77.4,2.3,93.3,1004.6
2021-09-01,72.2,주의,21.4,18.5,23.9,0.8,2.9,83.1,999.7
2021-09-02,61.7,주의,23.5,20.7,26.7,0,2.1,70.3,999.9
2021-09-03,63.1,주의,24.3,20.6,29.2,0,2.4,60.3,999.8
2021-09-04,70.5,주의,23.2,18.5,28.6,0,2.7,57,1005.3
2021-09-05,70.2,주의,23.1,19.4,27.3,0,3.2,61.1,1008.4
2021-09-06,63.1,주의,22.3,18,26.4,12,3.2,70.1,1006.1
2021-09-07,66.1,주의,19.6,17.6,20.9,29.6,2.3,98.1,997.9
2021-09-08,61.4,주의,22.2,19,26.9,1.6,1.7,81.3,1000.5
2021-09-09,60.1,주의,23.5,19.1,29.1,0,1.5,76.5,1003.6
2021-09-10,64.8,주의,23.6,19.5,28.9,0,1.9,76,1003.2
2021-09-11,65.1,주의,24,19.9,29.4,0,1.7,73.1,1002.7
2021-09-12,66.5,주의,24.2,19.2,29.8,0,1.8,64.6,1003.2
2021-09-13,67.8,주의,24.8,20.8,30.3,0,2.4,67.1,1006.4
2021-09-14,65.5,주의,24.6,20,29.5,0,2.6,63.3,1005.4
2021-09-15,70.8,주의,23.6,19.5,28.9,0,3.6,57.5,1006.2
2021-09-16,68.1,주의,22.9,18,27.3,0,2.6,61.1,1002.8
2021-09-17,66.5,주의,23.5,20.5,28.2,0,3,61.4,999.7
2021-09-18,61.4,주의,23.9,18.9,29.8,0,1.6,65.1,1004.4
2021-09-19,69.8,주의,23.7,20.8,27.8,0,1.9,62.9,1005.6
2021-09-20,64.4,주의,23.7,19,28.4,0,2.7,63.6,1000.8
2021-09-21,70.8,주의,22,17.4,26.2,68.1,2.9,85.1,995.1
2021-09-22,64.8,주의,20.2,16.8,24.3,4.5,2.7,79,998.5
2021-09-23,59.4,주의,20.9,16.9,25.9,0,2.4,67.3,1006.6
2021-09-24,57.4,주의,21.8,16.7,26.9,0,2.2,67.5,1012.3
2021-09-25,57.7,주의,21.2,18.7,23.1,0,2.3,72.6,1013.1
2021-09-26,57,주의,22.6,18.4,27.3,0,2.3,63,1010.4
2021-09-27,63.8,주의,21.6,18.7,25,0,2.4,66,1005.8
2021-09-28,62.8,주의,21.5,19.6,24.4,1.3,2.2,75.1,1002.6
2021-09-29,63.8,주의,20.2,17.8,21.4,13.1,1.7,93.5,997.9
2021-09-30,66.8,주의,20.3,16,25.9,0,1.5,83.9,999.2
2021-10-01,60.7,주의,21.1,16.9,27.5,13.3,2.4,75.8,998.8
2021-10-02,54.7,주의,20.7,16.4,26.6,0,1.6,77.1,1003.6
2021-10-03,57.7,주의,22.3,17.1,28.8,0,1.9,69.5,1008.4
2021-10-04,56,주의,22.9,19.2,25.6,3.6,2.9,81,1009.2
2021-10-05,58.4,주의,23.6,21.7,26.5,0,3.3,82.4,1010.1
2021-10-06,65.5,주의,18.8,17.9,21.7,6.4,2.8,91.5,1009.5
2021-10-07,73.9,주의,19.4,17.9,21.9,4.6,1.9,85.5,1006.7
2021-10-08,61.1,주의,18.8,17.5,20,3.5,1.7,91.3,1010.9
2021-10-09,61.1,주의,20.9,18.5,24.1,0.4,2.3,83.5,1011.8
2021-10-10,59.7,주의,19.9,14.9,24.3,14.2,2.2,89,1007.9
2021-10-11,63.1,주의,15.2,12.6,17.8,0.3,2.2,78.6,1011.4
2021-10-12,51,주의,17.9,15.8,21.3,0,3.3,67.1,1014.8
2021-10-13,43.2,관심,19.6,14.9,25.2,0,2.4,66.6,1013.5
2021-10-14,54,주의,19.7,17.4,23.9,0,2,73.6,1009.2
2021-10-15,51,주의,19,17,21.4,0,2.1,74.4,1008.2
2021-10-16,59.4,주의,10.7,4.2,18.1,0,3.4,47.5,1013
2021-10-17,58,주의,5.6,1.3,10.8,0,2.9,37.4,1017.7
2021-10-18,14.9,쾌적,9.6,2.8,16.1,5.6,2,60.4,1012.9
2021-10-19,5.2,쾌적,10.9,7.1,15,4.4,2.4,72.8,1009.3
2021-10-20,10.2,쾌적,9.5,4.6,15.8,0,1.7,64.9,1011
2021-10-21,24.7,쾌적,9.8,4.9,16.2,0,1.7,64.1,1009.7
2021-10-22,16.3,쾌적,10.8,5.2,17.2,0,1.8,58.4,1012.2
2021-10-23,17.3,쾌적,11.4,5.7,18.4,0,1.6,57.3,1017.7
2021-10-24,18.3,쾌적,11.4,6,18.1,0,1.7,63.1,1015.9
2021-10-25,20,쾌적,11.7,6.3,17.6,0,1.9,64.5,1012.7
2021-10-26,21,쾌적,13,7.7,19,0,1.7,74.5,1009.9
2021-10-27,22,쾌적,13.4,9.8,18.1,0,2.2,63.4,1009.2
2021-10-28,26.7,관심,12.7,7.1,20,0,1.4,54.6,1013.1
2021-10-29,33.8,관심,14.6,10.5,20.6,0,2,55.9,1014.5
2021-10-30,24.7,쾌적,13.8,11,18,0,1.6,62.4,1013.5
2021-10-31,36.2,관심,14.1,9.2,20.3,0.7,1.6,73.3,1013.4
2021-11-01,37.8,관심,12.9,10.3,16.9,0,1.9,77.3,1013.1
2021-11-02,31.8,관심,11.5,7.9,16.9,0,1.7,76.6,1011.6
2021-11-03,35.5,관심,12.1,7.6,17.1,0,1.5,71.1,1009.2
2021-11-04,27.4,관심,12.1,8.4,16.3,0,1.3,80.4,1009.6
2021-11-05,26.4,관심,13,7.8,20.2,0,1.5,68.5,1010.8
2021-11-06,29.1,관심,14.1,8.8,21.3,0,1.6,61.1,1010.6
2021-11-07,27.1,관심,15.3,9.7,21.3,0,2.1,57.5,1009.4
2021-11-08,30.4,관심,8.6,4.5,15.5,25.7,3.2,82.1,1001.4
2021-11-09,33.5,관심,4.9,3,6.5,2,2.4,80.3,999.8
2021-11-10,16,쾌적,4.2,0.7,7.7,0.3,2.5,73.4,998
2021-11-11,10.9,쾌적,5.3,2.1,9.7,0,2.9,60.6,1001
2021-11-12,3.2,쾌적,4.5,1.3,8.6,0,2.6,55.4,1006.7
2021-11-13,7.9,쾌적,7.3,0.5,13.4,0,1.5,66.1,1008.1
2021-11-14,5.2,쾌적,11.3,7.8,16.4,0,2.2,69.8,1007.3
2021-11-15,2.5,쾌적,10.1,5.8,15.7,0,1.6,71.3,1011.2
2021-11-16,27.1,관심,8.5,4.4,13.6,0,1.9,65.5,1013.9
2021-11-17,20.3,쾌적,7.5,2.7,12.5,0,1.6,64.1,1013.3
2021-11-18,15.6,쾌적,11.9,7.7,16.2,0,2.4,70.8,1007.5
2021-11-19,9.9,쾌적,12.9,10.2,16.7,0,1.9,84.8,1007.3
2021-11-20,26.7,관심,10.4,6.8,15.6,0,1.6,77,1010.4
2021-11-21,35.1,관심,10.4,7.6,13.1,5.9,1.9,74.4,1005.9
2021-11-22,23.7,쾌적,2.7,-0.6,7.5,1.3,4.1,61.8,1005.5
2021-11-23,26.4,관심,-0.6,-3.7,2.3,0,3.2,60.9,1007.9
2021-11-24,0,쾌적,4.1,-2.6,9.1,0,1.9,64.3,1006.4
2021-11-25,0,쾌적,5.7,2.6,9.9,0,2.2,55,1008.3
2021-11-26,0,쾌적,2.9,-0.5,7.2,0,2.2,57.5,1016.4
2021-11-27,9.6,쾌적,3.4,-1.4,10.1,0,1.6,53,1023.5
2021-11-28,0,쾌적,5.1,-1.3,12.4,0,1.5,52.4,1022.9
2021-11-29,0,쾌적,7.6,2.5,13.7,0,1.6,62,1015.7
2021-11-30,0,쾌적,5.7,0.7,8.9,27.2,3.7,80.4,1000.8
2021-12-01,9.2,쾌적,-1.3,-3,1.5,0,4.2,51.8,1011.2
2021-12-02,3.2,쾌적,1.3,-4.6,5,0.1,2.1,68.9,1008.2
2021-12-03,0,쾌적,1.9,-1.8,4.6,0.4,2.9,53.3,1008.4
2021-12-04,0,쾌적,1.4,-2.7,7,0,2,48.5,1015.3
2021-12-05,0,쾌적,2.9,-2.3,9.6,0,1.4,50.4,1018.6
2021-12-06,0,쾌적,5.4,-0.7,12.1,0,1.6,61.4,1016.5
2021-12-07,0,쾌적,6.8,2.6,13.3,0,1.2,68.3,1018.8
2021-12-08,0,쾌적,6.7,1.9,13.3,0,1.5,70,1021.5
2021-12-09,9.6,쾌적,6.5,2.7,9.7,0,2.2,70.3,1018.6
2021-12-10,7.2,쾌적,7,5.8,8.2,0.7,2.1,81.5,1014.6
2021-12-11,9.9,쾌적,6,4.4,9.8,0,1.4,83.6,1015.4
2021-12-12,0.8,쾌적,1.2,-3.8,5.1,0,3.2,61.8,1015.4
2021-12-13,15.6,쾌적,-2.2,-5.9,1.9,0,2.3,43.8,1017.3
2021-12-14,0,쾌적,3.7,-0.7,8.2,1.2,2,64.9,1010.6
2021-12-15,0,쾌적,7.2,5.4,10,2.1,1.7,84.8,1009.3
2021-12-16,0,쾌적,6.4,3.3,9.8,0,1.8,71.6,1008.1
2021-12-17,19,쾌적,-5.6,-10.1,3.2,0,4.6,50.5,1013.5
2021-12-18,11.9,쾌적,-5.7,-11.2,-1.8,2.8,2,64.1,1014.4
2021-12-19,0,쾌적,-0.8,-5.8,4.2,0.2,2,63.8,1011.2
2021-12-20,0,쾌적,5.2,-0.9,11.1,0,2.1,77.9,1006.3
2021-12-21,0,쾌적,5.2,0.8,8.9,0,2,70.9,1006.9
2021-12-22,0,쾌적,2.2,-2.6,8.2,0,1.7,47.4,1012.8
2021-12-23,3.5,쾌적,2.7,-1.5,8.3,0,1.4,53.5,1013.9
2021-12-24,0,쾌적,-0.3,-7.3,3.2,0.2,2.6,65.3,1012.5
2021-12-25,0,쾌적,-11.7,-14.4,-7.3,0,3.9,42.4,1021.5
2021-12-26,0,쾌적,-12.1,-15.5,-7.3,0,3.1,43.5,1023.4
2021-12-27,0,쾌적,-7.6,-12.9,-3.9,0,1.7,60.9,1020
2021-12-28,0,쾌적,-4.1,-8.5,-0.9,0,2.2,73.8,1016.9
2021-12-29,0,쾌적,0.4,-3.8,5.9,0.2,2.6,72.9,1009
2021-12-30,0,쾌적,-3.9,-6.8,0.2,0,3.3,48.5,1014.5
2021-12-31,0,쾌적,-6.7,-8.8,-3.9,0,3.5,35.9,1020.6
2022-01-01,0,쾌적,-4.3,-10.2,2.3,0,1.5,46.3,1019.8
2022-01-02,0,쾌적,-1.3,-5.2,3,0.3,2.3,57.9,1015.7
2022-01-03,0,쾌적,-1.9,-8,2.5,0,1.8,58.3,1015.3
2022-01-04,0,쾌적,-2.5,-5.6,1,0,2.4,51.8,1017.3
2022-01-05,0,쾌적,-2.8,-7.8,1.9,0,1.7,47.6,1016.9
2022-01-06,0,쾌적,-2.2,-5.9,3.3,0,2.3,47.1,1018
2022-01-07,0,쾌적,-1.6,-5.9,4.5,0,1.5,47.1,1018.8
2022-01-08,0,쾌적,0.3,-5,3.7,0,1.7,64.3,1013.5
2022-01-09,0,쾌적,1.3,-1.2,5.6,0,1.7,71.5,1011.7
2022-01-10,0,쾌적,0.5,-3.4,4.4,0.9,2,68.3,1009.7
2022-01-11,0,쾌적,-7.4,-10.3,0.3,0.2,4,55.5,1010.1
2022-01-12,0,쾌적,-7.7,-11.3,-3.4,0,2.4,47.8,1012
2022-01-13,0,쾌적,-6.4,-8.9,-3.1,0,3.3,45.8,1011.1
2022-01-14,0,쾌적,-4.8,-10.1,1.3,0,1.7,41.8,1014.8
2022-01-15,0,쾌적,-1,-5.3,1.8,0,1.9,48.3,1011.9
2022-01-16,0,쾌적,-2,-7.2,2.4,0,3.3,54.5,1014.2
2022-01-17,0,쾌적,-5.8,-9.2,0.1,0.5,2.2,59.9,1016.5
2022-01-18,0,쾌적,-5.6,-9.9,-0.7,0,2.3,47.9,1017.6
2022-01-19,0,쾌적,-5.3,-7.7,-2.7,1.7,2.1,72.3,1013.9
2022-01-20,0,쾌적,-5,-9.8,0.9,0,1.8,63.5,1018.1
2022-01-21,0,쾌적,-2.7,-8.7,4.6,0,1.8,55.6,1019.3
2022-01-22,0,쾌적,0.3,-5,7.1,0,1.7,52.4,1015.4
2022-01-23,0.8,쾌적,2,-0.6,6.7,0,1.7,52.4,1011.5
2022-01-24,0.8,쾌적,4.6,1.3,8.4,0,3.5,56,1011
2022-01-25,0,쾌적,2.8,1.9,4.5,0.7,2.3,80,1010.2
2022-01-26,5.2,쾌적,1.3,-1.9,6.8,0,2.2,62.8,1013.7
2022-01-27,7.2,쾌적,-1.1,-4.6,4,0,2.1,50,1014.2
2022-01-28,0,쾌적,-2.7,-5.9,2.1,0,2.8,51.6,1014.1
2022-01-29,0,쾌적,-3.6,-7.2,0.9,0,2.4,48.9,1011.5
2022-01-30,0,쾌적,-2.8,-8,2.4,0,2.2,45.4,1011.5
2022-01-31,0,쾌적,-0.7,-6.8,4.8,1.2,1.9,59,1012.9
2022-02-01,0,쾌적,-1.3,-2.7,0.9,1.7,2.6,76.6,1014.2
2022-02-02,0,쾌적,-3.4,-6,0,0,2.4,60.5,1017.4
2022-02-03,0,쾌적,-3.4,-6.9,0.4,0,2.4,52.4,1016.3
2022-02-04,0,쾌적,-5.2,-8.2,-0.7,0,3.1,53.3,1014.2
2022-02-05,0,쾌적,-6.6,-9.7,-2,0,3.1,48.8,1015.4
2022-02-06,0,쾌적,-3.9,-8.4,1.7,0,2.5,50.3,1016.9
2022-02-07,0,쾌적,-2.5,-7.3,1.9,0,1.8,51.3,1017.5
2022-02-08,0,쾌적,-0.1,-4.1,5.6,0,1.9,53.8,1016.6
2022-02-09,0,쾌적,1,-4.3,7.2,0,1.8,52.3,1014.7
2022-02-10,0,쾌적,1.4,-3.2,6.7,0,2.3,57.8,1012.5
2022-02-11,0,쾌적,2.9,-2.6,8.8,0,1.8,61.1,1015.5
2022-02-12,0,쾌적,4.8,-0.1,10.4,0,1.7,50.4,1014
2022-02-13,0,쾌적,4.8,1.6,9.5,0,1.8,44.9,1011.3
2022-02-14,0.5,쾌적,2.5,-1.3,8.1,1.7,2.9,68.3,1009.5
2022-02-15,6.2,쾌적,-4.7,-7.7,-1.3,0,3.8,58,1011.1
2022-02-16,0,쾌적,-7.3,-9.6,-4.1,0,3.7,50.4,1012.9
2022-02-17,0,쾌적,-6.2,-10.7,-0.5,0,2.5,41.6,1017.5
2022-02-18,0,쾌적,-1.2,-8,5.7,0,2,40.4,1018.8
2022-02-19,0,쾌적,-1.7,-6.2,3.7,0.1,2.9,52.9,1013
2022-02-20,0,쾌적,-4.8,-8.4,-0.5,0,4.1,41.1,1015.5
2022-02-21,0,쾌적,-3,-8.1,3.6,0.1,2.9,56.3,1016.9
2022-02-22,0,쾌적,-4.5,-8,0.5,0,3.2,43.3,1021
2022-02-23,0,쾌적,-5.6,-10,-0.6,0,2.6,38.5,1021.9
2022-02-24,0,쾌적,-2.4,-8.5,3.7,0,2.2,52.4,1019.6
2022-02-25,0,쾌적,3,-3.6,8.4,0,2.3,77.5,1015.6
2022-02-26,0,쾌적,5.4,1,9.3,1.1,3.9,78.4,1006.9
2022-02-27,0,쾌적,3.7,-1.6,9.1,0,2.8,56.6,1010.9
2022-02-28,4.2,쾌적,6.8,2.7,11.5,0,1.5,62.3,1009.9
2022-03-01,0,쾌적,5.8,0.3,9.7,2.3,2.3,70.5,1004.2
2022-03-02,9.9,쾌적,3.5,-2.3,8.8,0,2.7,55.9,1007
2022-03-03,1.8,쾌적,5.8,0.9,12.4,0,2.1,52.9,1007.1
2022-03-04,0,쾌적,6.9,0.6,14.6,0,3.6,60.5,1001
2022-03-05,3.8,쾌적,2.3,-0.7,6.7,0,4.3,38.4,1005.2
2022-03-06,2.8,쾌적,1.4,-3,6.8,0,2.6,39.5,1011
2022-03-07,0,쾌적,2.8,-2.7,8.7,0,2,45.8,1010
2022-03-08,0,쾌적,6,1.1,12.3,0,2,56.1,1008.6
2022-03-09,0,쾌적,7.1,1.7,14.8,0,1.9,69.6,1011.2
2022-03-10,4.5,쾌적,9.3,4.2,15.8,0,2.1,51.4,1010.1
2022-03-11,6.5,쾌적,11.2,5.1,18.4,0,1.9,58.4,1007.8
2022-03-12,14.9,쾌적,12.8,6.3,19.5,2.6,2.7,72.1,1004.4
2022-03-13,18,쾌적,11.7,10.7,12.6,42.1,1.9,95.5,1000.6
2022-03-14,22,쾌적,8.2,4.9,13.2,8.7,3.2,90.3,1001
2022-03-15,36.8,관심,7.2,2.3,13.3,0,2,72.6,1003.7
2022-03-16,17.3,쾌적,10.3,3.6,16.8,0,2.1,62.6,1006.2
2022-03-17,8.6,쾌적,10.7,7.8,15.1,1.2,2.7,62,1008.5
2022-03-18,12.9,쾌적,7.5,5.5,9.6,0,4.4,60.8,1000.8
2022-03-19,27.1,관심,3.4,0.9,6.1,14.6,3,84.6,998.9
2022-03-20,19.3,쾌적,5.4,2.2,9.3,0,2.6,66.1,1008.2
2022-03-21,3.8,쾌적,5,-0.3,10.9,0,2.4,49.5,1013.3
2022-03-22,8.2,쾌적,7.1,1.1,13.6,0,2.2,48.9,1011.4
2022-03-23,0,쾌적,6.2,4.9,8.2,0,2.3,56.8,1007.5
2022-03-24,4.5,쾌적,8.2,3.9,12.4,0,1.8,70.6,1009.1
2022-03-25,17.3,쾌적,12,6.3,17.2,10.9,2.6,70,1004.5
2022-03-26,13.9,쾌적,11.8,9.5,14.7,19.8,2.9,80.9,992.1
2022-03-27,22,쾌적,8.1,5,12.6,0,3,49.1,1005.6
2022-03-28,32.8,관심,8.2,1.5,15.1,0,2.1,35.6,1015.2
2022-03-29,17.6,쾌적,9.7,3.3,15.6,0,2.1,52.9,1013.9
2022-03-30,5.9,쾌적,10.8,5.9,15.7,0.4,1.8,76.5,1010.3
2022-03-31,11.9,쾌적,10.9,7.6,14.7,0,2.5,63.5,1013.4
2022-04-01,20.7,쾌적,9.2,4.5,14.9,0,2.6,50.5,1018.1
2022-04-02,26.4,관심,8.2,3.7,14.2,0,2.3,55,1016.7
2022-04-03,16,쾌적,9.6,3.5,17,0,2.1,55,1017.3
2022-04-04,13.3,쾌적,10.3,5.1,16.4,0,2.3,50.3,1017.2
2022-04-05,12.6,쾌적,10.3,4.9,15.8,0,2.4,41.1,1011.9
2022-04-06,18,쾌적,11.7,8,17,0,2.5,52.3,1010.5
2022-04-07,17.3,쾌적,10.9,7.4,15.7,0,3.3,43.5,1007.5
2022-04-08,27.7,관심,12.9,5.1,20,0,2.1,49,1008.5
2022-04-09,25.7,관심,17.8,12.4,24.2,0.5,3,43.8,1004.6
2022-04-10,18,쾌적,18.2,12.7,25.1,0,2,46,1006.1
2022-04-11,42.6,관심,19.6,13.4,26.6,0,2.4,60.4,1002.7
2022-04-12,43.6,관심,19.3,15.9,26.4,0.5,2.8,77.9,1000.4
2022-04-13,45.9,관심,13.1,12,15.9,1.3,4.4,69.3,1004.2
2022-04-14,54.3,주의,13.2,11.4,15.3,0,4,53.4,1008
2022-04-15,41.2,관심,13.3,7.5,19.3,0,3,46.8,1007.4
2022-04-16,39.2,관심,13.2,7.1,20.2,0,2.5,48.5,1007.2
2022-04-17,26.1,관심,14,7.2,21.9,0,2.3,53.8,1007.7
2022-04-18,24.7,쾌적,15.2,11.4,21.6,0,2.4,46.1,1007.4
2022-04-19,25,관심,15.2,8.9,22.1,0,2.4,51.9,1006.9
2022-04-20,39.2,관심,15.7,9.7,22.1,0,2.3,48.8,1005.5
2022-04-21,30.8,관심,16.3,9.6,22.7,0,2.8,48.4,1001.6
2022-04-22,33.5,관심,15,13.2,16.8,0,3.5,76.8,1000.3
2022-04-23,33.1,관심,17.7,10.4,25.3,0,1.7,57.3,1001.9
2022-04-24,45.3,관심,18.5,15,24.5,0.3,2.3,72.5,1001.2
2022-04-25,35.8,관심,20,17,23.6,1.3,1.4,80.5,1000.6
2022-04-26,51.3,주의,21.9,17,28.7,1,3.1,57.9,993.2
2022-04-27,58,주의,17.7,12.6,23.9,0,2.7,31.5,1004.3
2022-04-28,58,주의,18.2,11.6,25.9,0,2.6,44,1005.6
2022-04-29,43.2,관심,13.4,10.7,16.5,15.5,3.4,70.6,1006.3
2022-04-30,39.9,관심,13,10.5,17.8,0,2.9,68,1007.2
2022-05-01,36.8,관심,13.4,7.9,19.2,0,3.1,54.8,1002.6
2022-05-02,36.2,관심,14.2,9.1,19.4,0,2.4,56.5,1003.2
2022-05-03,27.4,관심,14.8,9.1,20.8,0,2.5,45.9,1008.5
2022-05-04,31.4,관심,17.8,10,25.2,0,2.7,43.3,1008.5
2022-05-05,31.4,관심,18.9,12.5,25.8,0,2.2,48.1,1008.3
2022-05-06,34.5,관심,19.6,13.7,25.6,0,2.5,67.1,1006.1
2022-05-07,42.9,관심,18.4,15.3,23.1,0.5,3,52.4,1006.6
2022-05-08,46.9,관심,15.3,11.7,18.2,2,2.8,51.8,1008.7
2022-05-09,52.3,주의,17.9,11,25.3,0,2.2,56.4,1007.8
2022-05-10,40.2,관심,19.9,13.6,26.3,0,2.2,39,1005.7
2022-05-11,37.8,관심,19.7,16.6,25.2,0,2.4,50.4,1004.7
2022-05-12,46.6,관심,20.9,14.1,28.1,0,1.9,51.5,1000.7
2022-05-13,56.7,주의,19.4,15,25.2,0,2.2,45.8,997.5
2022-05-14,48.3,관심,15.7,11.9,20,0,3.3,45.5,1001.8
2022-05-15,51.3,주의,16.2,10.5,22.4,0,3.2,39.8,1003.6
2022-05-16,40.9,관심,17.3,10.9,23.7,0,2.8,56.3,1001
2022-05-17,36.2,관심,20,13,27.4,0,2.4,60.1,1002.6
2022-05-18,37.5,관심,20,15.7,25.4,1.5,2.9,59.4,1005.5
2022-05-19,44.6,관심,19.9,16.1,24.2,0,3,53.6,1006
2022-05-20,53.7,주의,20.6,15.6,25.8,0,2.3,52.8,1003.2
2022-05-21,55,주의,20.1,16.1,26,0,2.5,70.8,999.1
2022-05-22,53.3,주의,20.3,15.7,25.8,0,2.5,70.9,997.6
2022-05-23,55,주의,23,17.8,30.7,0,2.3,63.5,1001.7
2022-05-24,53.7,주의,22.9,16.7,30.2,0,2.1,56.8,1003.7
2022-05-25,60.7,주의,21,16.7,26.7,3.5,2.6,66.6,998.4
2022-05-26,57,주의,18.7,14.1,23.5,0,3.7,59.9,993.9
2022-05-27,57,주의,20,16,25.6,0,3.3,62.5,991.1
2022-05-28,48.3,관심,22.3,15,29.3,0,2.8,54.1,995.1
2022-05-29,54.7,주의,23.1,19.3,29.7,0,2.3,66.4,995
2022-05-30,51.3,주의,20.8,17.2,24.7,0,2.5,71,992.5
2022-05-31,65.8,주의,20.7,14.2,27.2,0,2.5,42.4,997.5
2022-06-01,58.7,주의,22.1,16.2,28.6,0,2.6,41.6,995.8
2022-06-02,48.6,관심,21.5,17.1,26.9,0,2.7,67.4,997.3
2022-06-03,55.4,주의,24.5,18.7,32.6,0,2,62.8,999.4
2022-06-04,58.4,주의,25.6,20.3,29.7,0,1.7,57,999.4
2022-06-05,63.8,주의,22.7,20.2,27,0,2.3,59.8,992.9
2022-06-06,69.2,주의,19.7,16.7,24.5,4.3,3.2,69,991.8
2022-06-07,68.8,주의,20.6,15.1,25.1,0,2.7,54.5,997.3
2022-06-08,57,주의,21.2,16.2,25.8,0,2.3,61.6,1001.1
2022-06-09,51.6,주의,20.9,18.5,24.5,2.6,1.6,76.1,1003
2022-06-10,55.4,주의,20.9,17.2,26.6,1.2,1.9,75.8,1003.8
2022-06-11,63.1,주의,24.6,17.7,32.7,0,2.2,59.6,1002.1
2022-06-12,58.7,주의,24.6,18.9,31.5,0,2.5,58.9,1001.9
2022-06-13,60.4,주의,23.6,19.6,29.2,18,2.6,68.5,999
2022-06-14,64.4,주의,21.5,17.7,27.1,0,4.2,56.4,998.4
2022-06-15,66.8,주의,17.5,14.9,20.1,18.5,2.3,92.4,996
2022-06-16,60.4,주의,20.3,17.6,24.8,0.7,2.3,78.4,997.7
2022-06-17,51,주의,22.5,16.5,28.1,0,1.9,76.4,997.9
2022-06-18,60.1,주의,23.3,22,25.1,0,1.7,79.6,997.5
2022-06-19,56.4,주의,23.4,22.3,25.1,0,1.4,81.6,997.6
2022-06-20,74.9,주의,25.2,22,29,0,1.3,76.6,994.8
2022-06-21,75.9,불쾌,26.5,21.2,32.6,0,2,72.6,993.9
2022-06-22,74.9,주의,25.9,21.9,31,0,2.1,71.1,997.1
2022-06-23,72.2,주의,24.3,23.3,26.4,103,2.8,89.1,989.5
2022-06-24,74.5,주의,22.6,20.6,24.9,19.1,3.5,90.9,988.1
2022-06-25,79.3,불쾌,26,21.5,30.5,0,2.8,80.4,994.1
2022-06-26,70.2,주의,26.5,24.8,28.1,0,2.6,82.1,998.2
2022-06-27,73.2,주의,26.8,25.4,28.1,6.1,2.8,84.4,996.7
2022-06-28,84.3,불쾌,26.9,25.7,27.9,6.3,5.8,81.9,992.6
2022-06-29,86.3,불쾌,25.1,24.4,26.1,37.8,4.1,95.5,994.5
2022-06-30,87.3,불쾌,22.3,21.2,24.5,176.2,2.3,99.3,1000.6
2022-07-01,83,불쾌,26.6,21.9,30.9,0,2.1,83.3,1004.4
2022-07-02,72.2,주의,28.8,24,33.8,0,1.7,72.8,1002.6
2022-07-03,74.5,주의,29.3,24.4,34.2,0,1.7,68.6,998.6
2022-07-04,81.6,불쾌,29.3,26.4,32.6,0,1.8,71.8,995.3
2022-07-05,83,불쾌,29.2,26.7,33.1,0,1.7,73.8,995.1
2022-07-06,89.7,불쾌,29.5,26.2,33.3,16.1,2.1,76,997
2022-07-07,90.7,불쾌,28.2,26.4,31,0,2.8,82.3,995.4
2022-07-08,89,불쾌,25.8,24,27.9,1.7,2.9,84.4,993
2022-07-09,89.7,불쾌,26.9,24,30.9,0.1,1.7,82.1,992.9
2022-07-10,81.6,불쾌,29.2,24.6,35.1,0,1.7,68,994.6
2022-07-11,81.6,불쾌,27,24.7,30.6,9,1.8,75,995.9
2022-07-12,83.6,불쾌,26.8,23.2,29.4,0,2.2,73.1,997.5
2022-07-13,84,불쾌,25,24,27.1,114.5,1.8,93.9,992.3
2022-07-14,78.9,불쾌,25.7,23.3,29.9,0.9,2.3,84.6,990.2
2022-07-15,64.9,주의,26,23,30.3,0,2.3,76.5,989.9
2022-07-16,66.8,주의,24.8,23.2,28.2,34,2,83.4,988.5
2022-07-17,67.6,주의,25.5,22.5,29.7,0,1.8,78.9,990.6
2022-07-18,64.4,주의,26.8,23.1,30.1,0,2.2,76,989.4
2022-07-19,66.3,주의,27.4,24.3,31.1,0,2.3,74.1,992.3
2022-07-20,69.8,주의,27.1,24.3,30.4,1.1,2.2,76.1,996.1
2022-07-21,71.4,주의,23.2,20.8,25.2,10.4,2.9,87.6,992.3
2022-07-22,70.6,주의,25.1,22.9,27.5,5.2,1.9,81.5,995.7
2022-07-23,60.1,주의,24.8,22.3,28,9.9,2,83.6,994.7
2022-07-24,65.2,주의,25,22,28.4,1.2,2.1,86.9,992.6
2022-07-25,64.4,주의,27.5,23.6,32,0,1.9,75,998.7
2022-07-26,64.9,주의,28.9,24.4,33.1,0,1.8,72.5,999.3
2022-07-27,71.6,주의,29.3,26.4,33.4,0,2,66.3,999.6
2022-07-28,75.4,불쾌,29.7,25.1,34.4,0,2.4,63.8,1000.8
2022-07-29,76.5,불쾌,30.7,27.3,34.3,0,2.2,68.1,1001.8
2022-07-30,77.6,불쾌,30.9,27.3,36.1,1,2.6,68.4,999.3
2022-07-31,80.3,불쾌,27.2,25.4,29,47.2,2.5,85.8,996.4
2022-08-01,80.8,불쾌,28.6,25.4,32.4,30,2.4,82.4,995.6
2022-08-02,70.8,주의,26.8,25.5,28.5,33.5,2.8,90,998.4
2022-08-03,74.6,주의,27.1,25.2,30,51.1,2.8,90.1,1000.1
2022-08-04,69.8,주의,28.9,26,32.9,0,2.5,79.3,999.5
2022-08-05,70.6,주의,29.4,27,32.7,0,2.6,76.6,996.2
2022-08-06,75.4,불쾌,28.7,27.4,30.3,13.6,1.7,85.3,996.1
2022-08-07,76.8,불쾌,28.9,27.2,31.7,0.9,2.4,82.1,996.2
2022-08-08,74.9,주의,26.8,25.1,28.4,129.6,3.3,91.6,995.9
2022-08-09,75.4,불쾌,25.1,22,26.5,123.1,2.6,96,995.7
2022-08-10,69.8,주의,24.7,21.4,28.8,7.6,1.6,85.3,996
2022-08-11,65.2,주의,25,23.4,27.5,38.8,1.6,87.9,994.2
2022-08-12,64.1,주의,27,23,32.4,0,1.7,73.8,996.2
2022-08-13,64.9,주의,25.8,24.7,27.5,4,1.3,82.8,995.6
2022-08-14,70.3,주의,27.6,24.5,31.5,3,1.9,83,995.5
2022-08-15,67.1,주의,28.1,26.6,29.8,0.9,4.8,83,990.6
2022-08-16,71.9,주의,26.7,24.1,30,0,2.6,75.4,993.5
2022-08-17,73.3,주의,26,22.8,30.5,0,2,76.6,996
2022-08-18,69.5,주의,25.6,22.4,29.8,0,1.9,75.8,997.4
2022-08-19,67.6,주의,26,23.3,27.5,66.1,2.3,86.1,992.5
2022-08-20,66.5,주의,28.2,25.7,32,0,2.4,80,991.9
2022-08-21,67.6,주의,28.1,24.7,32,0,1.7,75.3,994.9
2022-08-22,73.5,주의,26.8,22.9,30.2,3.2,2.3,75.6,994.3
2022-08-23,73.3,주의,25.4,22.4,30.2,2.2,2,75,995.9
2022-08-24,69.8,주의,24.8,22.4,27.9,0,2.5,66.9,997.9
2022-08-25,66,주의,22.2,21.1,24,1.6,1.8,78,997.7
2022-08-26,64.4,주의,23.8,19.9,28.4,0,2.4,75.3,997.1
2022-08-27,57.4,주의,21.5,17.6,25.5,17.6,2.8,63.1,1000.3
2022-08-28,61.7,주의,22.6,16.1,28.4,0,1.7,59.4,1004.5
2022-08-29,0,쾌적,21,19.5,22.5,2.2,2.3,74,1005.5
2022-08-30,58.5,주의,19.1,17.9,20.3,35.8,2.6,96.3,1001.2
2022-08-31,54.2,주의,21.7,19.6,24.9,0,1.8,83.3,998.8
2022-09-01,49.1,관심,24,18.3,30.4,0,1.7,70.8,1003.3
2022-09-02,56.1,주의,24.7,20.3,29.8,0,3.1,61.8,1005.8
2022-09-03,62.2,주의,24.2,20.5,29.2,0,3.4,63,1004.2
2022-09-04,64.1,주의,22.3,19.8,24,33.8,3.1,88.6,999.1
2022-09-05,62.8,주의,19.2,17.7,22.7,120,3.2,95.9,997.1
2022-09-06,57.7,주의,21,17,26.3,25.3,3.6,78,995.3
2022-09-07,49.3,관심,22.8,17.9,28.1,0,1.9,65.3,1006.8
2022-09-08,54.2,주의,23.2,16.7,29.5,0,1.6,65.5,1007.7
2022-09-09,59,주의,24.3,18.9,30.8,0,2,59.1,1007.2
2022-09-10,60.1,주의,23.6,19,28.4,0,2.6,52.3,1007.2
2022-09-11,63,주의,23.3,20.6,26.4,0.1,2.1,68.6,1004.8
2022-09-12,61.2,주의,23.8,20.3,27.5,0,1.6,76.1,1004
2022-09-13,60.4,주의,24.3,21.8,26.4,0,2.5,73,1005.7
2022-09-14,61.7,주의,24.6,22.7,27.9,0,4.6,56.9,1005.7
2022-09-15,63,주의,25.2,22,28.3,0.1,3.6,66.9,1001
2022-09-16,63.8,주의,25.7,23.4,29.9,14.6,2.9,78.6,997.5
2022-09-17,65.5,주의,25.6,23.3,29.4,4.3,1.4,83.1,998.1
2022-09-18,66.8,주의,27.1,23,32.5,0,2,75.3,993.8
2022-09-19,66.5,주의,24.6,19.5,29.6,0,3.3,63.1,992.3
2022-09-20,70.6,주의,19.9,16.1,24.6,0,2.3,57,1003.3
2022-09-21,63.8,주의,19.4,13,25.6,0,1.8,56.9,1006.7
2022-09-22,51.2,주의,19.8,14.2,24.7,0,2,60.1,1004.9
2022-09-23,49.9,관심,17.5,14.7,22.2,3.3,3.1,68.9,1002.7
2022-09-24,50.9,주의,18.5,12.3,24.2,0,1.8,64.6,1006.6
2022-09-25,44.8,관심,19.6,15.4,25.2,0,1.6,63.3,1006.1
2022-09-26,47.4,관심,20,14.8,25.4,0,1.7,58.5,1006.6
2022-09-27,50.4,주의,20.9,14,28,0,1.6,59,1005.4
2022-09-28,51.5,주의,20.4,16.1,26.1,0,1.8,71,1003.5
2022-09-29,53.9,주의,20.4,16.4,26.5,0,1.4,73.5,1004.5
2022-09-30,52.6,주의,20.7,14.8,27.7,0,1.6,68,1005.9
2022-10-01,52.6,주의,20.9,14.4,27.6,0,1.6,63.3,1007.4
2022-10-02,53.4,주의,19.4,17.2,21.6,15.8,2.7,78.9,1005.8
2022-10-03,53.9,주의,21.4,17.5,23.4,76,2.7,98.5,1001.2
2022-10-04,49.9,관심,17.9,14.2,23,11.8,2.9,83.8,1002.6
2022-10-05,55.2,주의,16.6,14.1,21.6,0.1,2.1,74.8,1009.2
2022-10-06,45.8,관심,15.8,12.7,19.1,0,2.1,76.6,1008.9
2022-10-07,42.3,관심,14.3,11,18.6,0,2.5,69.5,1009.9
2022-10-08,40.2,관심,15.8,11.1,21.6,0,2.5,64.6,1013.4
2022-10-09,36.2,관심,13.1,10.7,14.5,20.4,2.1,85.8,1007.3
2022-10-10,40.2,관심,9.9,8.2,11.9,0,3.8,72.9,1003.4
2022-10-11,32.9,관심,11.1,7.4,16.4,0,2.2,69.1,1011.3
2022-10-12,24.3,쾌적,13.5,6.5,20.6,0,1.8,68.1,1016.1
2022-10-13,27.5,관심,16.3,10.7,22.7,0,1.5,69.6,1014.4
2022-10-14,34,관심,17.1,12.4,23,0,1.6,73.4,1009.8
2022-10-15,41.5,관심,18.2,12.6,24.4,0,1.4,68.5,1008.6
2022-10-16,43.7,관심,16.9,15.1,20.5,0,1.7,73.9,1007.7
2022-10-17,46.6,관심,11.2,7.4,15.1,0,3.4,50.3,1009.4
2022-10-18,43.1,관심,9.4,5,14.2,0,2.3,52.1,1012.4
2022-10-19,27.8,관심,10.5,4.4,16.8,0,1.8,57.8,1015.5
2022-10-20,23,쾌적,12.9,6,19.7,0,1.8,64.4,1017
2022-10-21,25.9,관심,14,8.8,20.9,0,1.7,68.8,1013.8
2022-10-22,32.4,관심,15.1,10.5,20.8,0,1.9,76.3,1010.4
2022-10-23,35.3,관심,14,10.4,18.6,0,2.7,65,1008.6
2022-10-24,38.3,관심,10.6,7.5,14.8,0,2.8,52.6,1011.3
2022-10-25,35.3,관심,11.3,5.9,17.6,0,2,56.5,1017.5
2022-10-26,26.2,관심,12.9,8,17.8,0,1.9,58.3,1017
2022-10-27,28.1,관심,13.2,8.6,18.9,0,1.7,71.8,1015
2022-10-28,32.4,관심,13.6,8.2,20.6,0,1.7,70.1,1015.5
2022-10-29,33.2,관심,14.8,10.2,21.3,0,1.8,65.9,1015.6
2022-10-30,34.3,관심,14.9,10.4,21.3,0,1.9,64.5,1014.7
2022-10-31,37.5,관심,14.9,11.2,21.1,0,2.1,69.8,1013.5
2022-11-01,37.8,관심,13.1,9.4,17.8,0,1.8,73.5,1011.5
2022-11-02,37.8,관심,11.1,5.5,17.9,0,1.7,57.1,1010.5
2022-11-03,32.9,관심,9.3,5.6,13.4,0,2,58.1,1009.3
2022-11-04,27.5,관심,4.9,1.6,9.8,0,2.9,41.8,1012.9
2022-11-05,22.7,쾌적,6.5,0.8,13.6,0,1.7,51.3,1014.5
2022-11-06,10.9,쾌적,9.6,3.7,16.4,0,1.8,60.5,1013.8
2022-11-07,15.2,쾌적,11.4,6.1,16.6,0,1.7,64.5,1012.5
2022-11-08,23.5,쾌적,12.9,9.7,17.9,0,1.5,68.3,1014.1
2022-11-09,28.4,관심,11.4,6.7,16,0,1.5,76,1014.8
2022-11-10,32.4,관심,13.5,8.8,19.1,0,1.3,74.5,1014.2
2022-11-11,28.4,관심,15.6,10.9,22.1,0,1.8,62.5,1014.5
2022-11-12,34,관심,16.3,11.6,22,57.9,2.2,80,1005.1
2022-11-13,39.6,관심,10.3,8.7,17.3,0,2.6,85.6,1005
2022-11-14,41.5,관심,9.7,5.9,13.8,0,2.3,74.8,1007.5
2022-11-15,25.4,관심,8.1,4,12.3,1.6,2,77.4,1006.4
2022-11-16,23.8,쾌적,8.5,5.5,13,0,1.7,71.3,1009.8
2022-11-17,19.5,쾌적,10.2,5.4,16.6,0,1.6,64.6,1013.4
2022-11-18,20.6,쾌적,11,5.3,18.1,0,1.6,69.6,1015.6
2022-11-19,25.1,관심,12.9,8.7,19.2,0,2.3,55.8,1012
2022-11-20,27.3,관심,13.7,9.5,20.2,0,1.7,58.3,1009.4
2022-11-21,32.4,관심,11.8,9.3,16.2,0,1.6,70.5,1010.8
2022-11-22,34.5,관심,10.7,7,13.7,0,1.9,69.9,1010.3
2022-11-23,29.4,관심,10.8,6.8,15.2,0,2.1,56,1007.3
2022-11-24,26.5,관심,9.4,5.9,14.1,0,1.5,65.6,1010.5
2022-11-25,26.7,관심,12.3,7.1,17.8,1.7,3,67.1,1006.6
2022-11-26,23,쾌적,6.7,1,12.9,0,3,52.4,1007.9
2022-11-27,30.8,관심,5.4,-1.1,11.5,0,2.4,43.1,1010
2022-11-28,15.7,쾌적,12.3,7.5,15,19.5,2.7,65.5,1003.7
2022-11-29,12.2,쾌적,6.9,-1.6,15,3.8,3.5,67,1007
2022-11-30,30.8,관심,-5.4,-8.1,-1.6,0,3.9,49.1,1021.1
2022-12-01,16.3,쾌적,-5.4,-9.4,-1.2,0,2.4,43.4,1021
2022-12-02,0,쾌적,-2.5,-7.6,3,0,1.7,42,1019
2022-12-03,0,쾌적,2.1,-0.3,7,1.1,2.6,70.5,1014.6
2022-12-04,0,쾌적,-3.5,-5.2,-0.2,0,2.8,38.9,1020.9
2022-12-05,0,쾌적,-3.1,-7,1.9,0,2.4,41.9,1018.7
2022-12-06,0,쾌적,0.9,-3.9,5.3,0.1,2.4,62.8,1012.2
2022-12-07,0,쾌적,4.9,1.2,9,0.1,2.7,60.4,1012.3
2022-12-08,0.1,쾌적,3.7,0.1,9.1,0,1.4,57.5,1015
2022-12-09,10.9,쾌적,4.5,0.9,10.2,0,2,60.8,1011.7
2022-12-10,7.6,쾌적,2.6,-0.6,6.7,0,1.3,46.5,1009.9
2022-12-11,9.8,쾌적,1.6,-1.5,6.8,0,1.8,52.5,1012.5
2022-12-12,4.7,쾌적,2,-2,6.3,5.4,1.7,73.4,1009.1
2022-12-13,2,쾌적,0,-6.4,3.1,0.6,3.5,70.8,1007.5
2022-12-14,3.1,쾌적,-8.4,-11,-4.9,0,3.2,50.1,1017
2022-12-15,0,쾌적,-4.5,-8.5,-1.3,2.4,2.5,79.1,1013.9
2022-12-16,0,쾌적,-6.3,-9.6,-2.2,0,2,56.9,1019.5
2022-12-17,0,쾌적,-7,-9.8,-3.2,0.2,2.7,52,1014.4
2022-12-18,0,쾌적,-9.5,-12.4,-5.6,0,2.6,47.1,1012.2
2022-12-19,0,쾌적,-7,-12,-2.5,0,1.7,55.6,1015.9
2022-12-20,0,쾌적,-3.2,-9.5,2.9,0,2.2,55.8,1015.4
2022-12-21,0,쾌적,-0.1,-2.6,2.6,3.6,2.7,82.4,1001.2
2022-12-22,0,쾌적,-7.8,-11.3,-2.6,0,4.4,60.5,999.6
2022-12-23,0,쾌적,-11.8,-13.7,-8.6,0,4.3,60.5,1002.8
2022-12-24,0,쾌적,-8.4,-13.5,-2,0,1.8,54.9,1009.9
2022-12-25,0,쾌적,-5.4,-9.6,0.2,0,1.7,66.5,1012.8
2022-12-26,0,쾌적,-3.9,-7.9,1.7,0,1.4,68.4,1015.3
2022-12-27,0,쾌적,-2.6,-7.3,3.3,0,1.8,69.8,1018.1
2022-12-28,0,쾌적,-3.3,-6,0.1,0.1,2.5,58.1,1019.5
2022-12-29,0,쾌적,-2.9,-7.8,2.1,0,1.7,56.3,1021.4
2022-12-30,0,쾌적,-1.8,-4.4,2.3,0,1.9,65.6,1020.8
2022-12-31,0,쾌적,-1.2,-5.1,2.1,0,1.4,65.5,1019.5
